Economy_Label,CargoType_Label,1970_Metric_tons_in_millions_Value,1970_Metric_tons_Footnote,1970_Metric_tons_MissingValue,1971_Metric_tons_in_millions_Value,1971_Metric_tons_Footnote,1971_Metric_tons_MissingValue,1972_Metric_tons_in_millions_Value,1972_Metric_tons_Footnote,1972_Metric_tons_MissingValue,1973_Metric_tons_in_millions_Value,1973_Metric_tons_Footnote,1973_Metric_tons_MissingValue,1974_Metric_tons_in_millions_Value,1974_Metric_tons_Footnote,1974_Metric_tons_MissingValue,1975_Metric_tons_in_millions_Value,1975_Metric_tons_Footnote,1975_Metric_tons_MissingValue,1976_Metric_tons_in_millions_Value,1976_Metric_tons_Footnote,1976_Metric_tons_MissingValue,1977_Metric_tons_in_millions_Value,1977_Metric_tons_Footnote,1977_Metric_tons_MissingValue,1978_Metric_tons_in_millions_Value,1978_Metric_tons_Footnote,1978_Metric_tons_MissingValue,1979_Metric_tons_in_millions_Value,1979_Metric_tons_Footnote,1979_Metric_tons_MissingValue,1980_Metric_tons_in_millions_Value,1980_Metric_tons_Footnote,1980_Metric_tons_MissingValue,1981_Metric_tons_in_millions_Value,1981_Metric_tons_Footnote,1981_Metric_tons_MissingValue,1982_Metric_tons_in_millions_Value,1982_Metric_tons_Footnote,1982_Metric_tons_MissingValue,1983_Metric_tons_in_millions_Value,1983_Metric_tons_Footnote,1983_Metric_tons_MissingValue,1984_Metric_tons_in_millions_Value,1984_Metric_tons_Footnote,1984_Metric_tons_MissingValue,1985_Metric_tons_in_millions_Value,1985_Metric_tons_Footnote,1985_Metric_tons_MissingValue,1986_Metric_tons_in_millions_Value,1986_Metric_tons_Footnote,1986_Metric_tons_MissingValue,1987_Metric_tons_in_millions_Value,1987_Metric_tons_Footnote,1987_Metric_tons_MissingValue,1988_Metric_tons_in_millions_Value,1988_Metric_tons_Footnote,1988_Metric_tons_MissingValue,1989_Metric_tons_in_millions_Value,1989_Metric_tons_Footnote,1989_Metric_tons_MissingValue,1990_Metric_tons_in_millions_Value,1990_Metric_tons_Footnote,1990_Metric_tons_MissingValue,1991_Metric_tons_in_millions_Value,1991_Metric_tons_Footnote,1991_Metric_tons_MissingValue,1992_Metric_tons_in_millions_Value,1992_Metric_tons_Footnote,1992_Metric_tons_MissingValue,1993_Metric_tons_in_millions_Value,1993_Metric_tons_Footnote,1993_Metric_tons_MissingValue,1994_Metric_tons_in_millions_Value,1994_Metric_tons_Footnote,1994_Metric_tons_MissingValue,1995_Metric_tons_in_millions_Value,1995_Metric_tons_Footnote,1995_Metric_tons_MissingValue,1996_Metric_tons_in_millions_Value,1996_Metric_tons_Footnote,1996_Metric_tons_MissingValue,1997_Metric_tons_in_millions_Value,1997_Metric_tons_Footnote,1997_Metric_tons_MissingValue,1998_Metric_tons_in_millions_Value,1998_Metric_tons_Footnote,1998_Metric_tons_MissingValue,1999_Metric_tons_in_millions_Value,1999_Metric_tons_Footnote,1999_Metric_tons_MissingValue,2000_Metric_tons_in_millions_Value,2000_Metric_tons_Footnote,2000_Metric_tons_MissingValue,2001_Metric_tons_in_millions_Value,2001_Metric_tons_Footnote,2001_Metric_tons_MissingValue,2002_Metric_tons_in_millions_Value,2002_Metric_tons_Footnote,2002_Metric_tons_MissingValue,2003_Metric_tons_in_millions_Value,2003_Metric_tons_Footnote,2003_Metric_tons_MissingValue,2004_Metric_tons_in_millions_Value,2004_Metric_tons_Footnote,2004_Metric_tons_MissingValue,2005_Metric_tons_in_millions_Value,2005_Metric_tons_Footnote,2005_Metric_tons_MissingValue,2006_Metric_tons_in_millions_Value,2006_Metric_tons_Footnote,2006_Metric_tons_MissingValue,2007_Metric_tons_in_millions_Value,2007_Metric_tons_Footnote,2007_Metric_tons_MissingValue,2008_Metric_tons_in_millions_Value,2008_Metric_tons_Footnote,2008_Metric_tons_MissingValue,2009_Metric_tons_in_millions_Value,2009_Metric_tons_Footnote,2009_Metric_tons_MissingValue,2010_Metric_tons_in_millions_Value,2010_Metric_tons_Footnote,2010_Metric_tons_MissingValue,2011_Metric_tons_in_millions_Value,2011_Metric_tons_Footnote,2011_Metric_tons_MissingValue,2012_Metric_tons_in_millions_Value,2012_Metric_tons_Footnote,2012_Metric_tons_MissingValue,2013_Metric_tons_in_millions_Value,2013_Metric_tons_Footnote,2013_Metric_tons_MissingValue,2014_Metric_tons_in_millions_Value,2014_Metric_tons_Footnote,2014_Metric_tons_MissingValue,2015_Metric_tons_in_millions_Value,2015_Metric_tons_Footnote,2015_Metric_tons_MissingValue,2016_Metric_tons_in_millions_Value,2016_Metric_tons_Footnote,2016_Metric_tons_MissingValue,2017_Metric_tons_in_millions_Value,2017_Metric_tons_Footnote,2017_Metric_tons_MissingValue,2018_Metric_tons_in_millions_Value,2018_Metric_tons_Footnote,2018_Metric_tons_MissingValue,2019_Metric_tons_in_millions_Value,2019_Metric_tons_Footnote,2019_Metric_tons_MissingValue,2020_Metric_tons_in_millions_Value,2020_Metric_tons_Footnote,2020_Metric_tons_MissingValue,2021_Metric_tons_in_millions_Value,2021_Metric_tons_Footnote,2021_Metric_tons_MissingValue
World,Crude oil loaded,1207,,,1210,,,1321,,,1514,,,1497,,,1364,,,1555,,,1599,,,1604,,,1725,,,1527,,,1364,,,1163,,,1069,,,1079,,,1049,,,1126,,,1107,,,1160,,,1260,,,1287,,,1333,,,1394,,,1443,,,1498,,,1532,,,1590,,,1626,,,1548,,,1553,,,1605,,,1678,,,1637,,,1690,,,1770,,,1857,,,1783,,,1814,,,1785,,,1710,,,1785,,,1751,,,1785,,,1738,,,1712,,,1761,,,1832,,,1875,,,1881,,,1860,,,1715,,,1700,,
World,Other tanker trade loaded,233,,,320,,,332,,,353,,,335,,,280,,,289,,,293,,,296,,,318,,,344,,,327,,,350,,,392,,,399,,,410,,,424,,,441,,,456,,,468,,,468,,,457,,,466,,,502,,,509,,,518,,,537,,,546,,,534,,,532,,,558,,,499,,,509,,,533,,,546,,,565,,,915,,,934,,,957,,,931,,,968,,,1028,,,1055,,,1091,,,1121,,,1178,,,1238,,,1279,,,1320,,,1303,,,1203,,,1252,,
World,Dry cargo loaded,1165,,,1162,,,1221,,,1407,,,1472,,,1428,,,1522,,,1576,,,1650,,,1785,,,1833,,,1864,,,1760,,,1770,,,1886,,,1895,,,1835,,,1987,,,2119,,,2212,,,2253,,,2330,,,2360,,,2385,,,2478,,,2601,,,2631,,,2781,,,3549,,,3598,,,3821,,,3844,,,3981,,,4257,,,4442,,,4687,,,5004,,,5289,,,5486,,,5177,,,5649,,,5959,,,6357,,,6625,,,6983,,,7074,,,7176,,,7560,,,7818,,,7908,,,7727,,,8033,,
World,Total goods loaded,2605,,,2692,,,2874,,,3274,,,3304,,,3072,,,3366,,,3468,,,3550,,,3828,,,3704,,,3555,,,3273,,,3231,,,3364,,,3330,,,3385,,,3505,,,3735,,,3940,,,4008,,,4120,,,4220,,,4330,,,4485,,,4651,,,4758,,,4953,,,5631,,,5683,,,5984,,,6020,,,6127,,,6480,,,6758,,,7109,,,7702,,,8036,,,8228,,,7818,,,8401,,,8739,,,9197,,,9453,,,9816,,,10013,,,10247,,,10714,,,11019,,,11071,,,10645,,,10985,,
World,Crude oil discharged,1101,,,1199,,,1325,,,1521,,,1470,,,1373,,,1522,,,1585,,,1634,,,1724,,,1530,,,1363,,,1283,,,1133,,,1166,,,1128,,,1220,,,1110,,,1194,,,1300,,,1315,,,1355,,,1414,,,1465,,,1508,,,1550,,,1599,,,1625,,,1515,,,1543,,,1633,,,1712,,,1696,,,1743,,,1773,,,1854,,,1940,,,1996,,,1943,,,1875,,,1939,,,1897,,,1930,,,1882,,,1850,,,1910,,,1985,,,2033,,,2049,,,2023,,,1864,,,1846,,
World,Other tanker trade discharged,298,,,300,,,316,,,339,,,312,,,287,,,312,,,321,,,321,,,308,,,326,,,310,,,330,,,349,,,371,,,367,,,390,,,408,,,422,,,433,,,466,,,441,,,451,,,480,,,490,,,508,,,480,,,522,,,548,,,510,,,513,,,534,,,540,,,536,,,545,,,573,,,897,,,902,,,933,,,923,,,971,,,1039,,,1056,,,1091,,,1088,,,1175,,,1235,,,1288,,,1339,,,1320,,,1224,,,1273,,
World,Dry cargo discharged,1131,,,1134,,,1217,,,1377,,,1472,,,1395,,,1518,,,1536,,,1570,,,1782,,,1823,,,1838,,,1780,,,1830,,,1928,,,1938,,,1860,,,2120,,,2248,,,2337,,,2365,,,2449,,,2480,,,2477,,,2575,,,2685,,,2734,,,2890,,,3855,,,3955,,,4097,,,3954,,,4099,,,4324,,,4469,,,4696,,,5066,,,5165,,,5419,,,5044,,,5454,,,5766,,,6129,,,6511,,,6782,,,6879,,,7083,,,7366,,,7629,,,7712,,,7546,,,7856,,
World,Total goods discharged,2529,,,2632,,,2858,,,3237,,,3254,,,3055,,,3352,,,3442,,,3525,,,3814,,,3679,,,3512,,,3393,,,3312,,,3465,,,3433,,,3470,,,3628,,,3866,,,4070,,,4126,,,4245,,,4345,,,4422,,,4573,,,4743,,,4815,,,5037,,,5918,,,6007,,,6242,,,6201,,,6335,,,6603,,,6787,,,7122,,,7903,,,8063,,,8295,,,7841,,,8364,,,8702,,,9115,,,9483,,,9720,,,9965,,,10303,,,10687,,,11017,,,11055,,,10634,,,10975,,
Africa,Crude oil loaded,,,,,,,,,,,,,,,,,,,,,,,,,,,,,,,,,,,,,,,,,,,,,,,,,,,,,,,,,,,,,,,,,,,,,,,,,,,,,,,,,,,,,,,,,,,,,,,,,,,,,,,,,,,,,354,,,363,,,379,,,354,,,344,,,338,,,364,,,328,,,304,,,294,,,271,,,291,,,297,,,303,,,235,,,226,,
Africa,Other tanker trade loaded,,,,,,,,,,,,,,,,,,,,,,,,,,,,,,,,,,,,,,,,,,,,,,,,,,,,,,,,,,,,,,,,,,,,,,,,,,,,,,,,,,,,,,,,,,,,,,,,,,,,,,,,,,,,,86,,,82,,,83,,,83,,,82,,,69,,,70,,,82,,,74,,,58,,,59,,,70,,,70,,,92,,,84,,,100,,
Africa,Dry cargo loaded,,,,,,,,,,,,,,,,,,,,,,,,,,,,,,,,,,,,,,,,,,,,,,,,,,,,,,,,,,,,,,,,,,,,,,,,,,,,,,,,,,,,,,,,,,,,,,,,,,,,,,,,,,,,,282,,,288,,,301,,,273,,,301,,,322,,,326,,,365,,,359,,,363,,,364,,,377,,,395,,,420,,,417,,,436,,
Africa,Total goods loaded,,,,,,,,,,,,,,,,,,,,,,,,,,,,,,,,,,,,,,,,,,,,,,,,,,,,,,,,,,,,,,,,,,,,,,,,,,,,,,,,,,,,,,,,,,,,,,,,,,,,,,,,,,,,,722,,,732,,,763,,,710,,,726,,,728,,,760,,,775,,,738,,,714,,,694,,,738,,,763,,,814,,,736,,,762,,
Africa,Crude oil discharged,,,,,,,,,,,,,,,,,,,,,,,,,,,,,,,,,,,,,,,,,,,,,,,,,,,,,,,,,,,,,,,,,,,,,,,,,,,,,,,,,,,,,,,,,,,,,,,,,,,,,,,,,,,,,41,,,46,,,45,,,45,,,42,,,38,,,33,,,37,,,37,,,39,,,39,,,41,,,39,,,35,,,31,,,25,,
Africa,Other tanker trade discharged,,,,,,,,,,,,,,,,,,,,,,,,,,,,,,,,,,,,,,,,,,,,,,,,,,,,,,,,,,,,,,,,,,,,,,,,,,,,,,,,,,,,,,,,,,,,,,,,,,,,,,,,,,,,,39,,,45,,,44,,,40,,,39,,,46,,,51,,,59,,,71,,,71,,,81,,,94,,,100,,,113,,,107,,,118,,
Africa,Dry cargo discharged,,,,,,,,,,,,,,,,,,,,,,,,,,,,,,,,,,,,,,,,,,,,,,,,,,,,,,,,,,,,,,,,,,,,,,,,,,,,,,,,,,,,,,,,,,,,,,,,,,,,,,,,,,,,,269,,,290,,,288,,,302,,,319,,,276,,,299,,,311,,,337,,,360,,,360,,,342,,,363,,,385,,,372,,,410,,
Africa,Total goods discharged,,,,,,,,,,,,,,,,,,,,,,,,,,,,,,,,,,,,,,,,,,,,,,,,,,,,,,,,,,,,,,,,,,,,,,,,,,,,,,,,,,,,,,,,,,,,,,,,,,,,,,,,,,,,,349,,,380,,,377,,,386,,,401,,,360,,,383,,,407,,,445,,,470,,,480,,,476,,,502,,,534,,,510,,,553,,
Northern Africa,Crude oil loaded,,,,,,,,,,,,,,,,,,,,,,,,,,,,,,,,,,,,,,,,,,,,,,,,,,,,,,,,,,,,,,,,,,,,,,,,,,,,,,,,,,,,,,,,,,,,,,,,,,,,,,,,,,,,,129,,,130,,,133,,,120,,,123,,,94,,,128,,,96,,,68,,,63,,,58,,,84,,,88,,,92,,,53,,,60,,
Northern Africa,Other tanker trade loaded,,,,,,,,,,,,,,,,,,,,,,,,,,,,,,,,,,,,,,,,,,,,,,,,,,,,,,,,,,,,,,,,,,,,,,,,,,,,,,,,,,,,,,,,,,,,,,,,,,,,,,,,,,,,,64,,,63,,,62,,,65,,,65,,,42,,,39,,,53,,,44,,,32,,,30,,,30,,,29,,,43,,,38,,,45,,
Northern Africa,Dry cargo loaded,,,,,,,,,,,,,,,,,,,,,,,,,,,,,,,,,,,,,,,,,,,,,,,,,,,,,,,,,,,,,,,,,,,,,,,,,,,,,,,,,,,,,,,,,,,,,,,,,,,,,,,,,,,,,85,,,83,,,80,,,72,,,79,,,86,,,91,,,101,,,96,,,82,,,83,,,88,,,105,,,116,,,115,,,120,,
Northern Africa,Total goods loaded,,,,,,,,,,,,,,,,,,,,,,,,,,,,,,,,,,,,,,,,,,,,,,,,,,,,,,,,,,,,,,,,,,,,,,,,,,,,,,,,,,,,,,,,,,,,,,,,,,,,,,,,,,,,,279,,,275,,,274,,,258,,,266,,,221,,,258,,,250,,,207,,,178,,,170,,,202,,,223,,,251,,,206,,,225,,
Northern Africa,Crude oil discharged,,,,,,,,,,,,,,,,,,,,,,,,,,,,,,,,,,,,,,,,,,,,,,,,,,,,,,,,,,,,,,,,,,,,,,,,,,,,,,,,,,,,,,,,,,,,,,,,,,,,,,,,,,,,,6,,,8,,,11,,,12,,,11,,,8,,,9,,,10,,,7,,,8,,,9,,,12,,,14,,,9,,,7,,,3,,
Northern Africa,Other tanker trade discharged,,,,,,,,,,,,,,,,,,,,,,,,,,,,,,,,,,,,,,,,,,,,,,,,,,,,,,,,,,,,,,,,,,,,,,,,,,,,,,,,,,,,,,,,,,,,,,,,,,,,,,,,,,,,,14,,,15,,,17,,,15,,,15,,,16,,,15,,,22,,,31,,,29,,,29,,,33,,,36,,,43,,,39,,,43,,
Northern Africa,Dry cargo discharged,,,,,,,,,,,,,,,,,,,,,,,,,,,,,,,,,,,,,,,,,,,,,,,,,,,,,,,,,,,,,,,,,,,,,,,,,,,,,,,,,,,,,,,,,,,,,,,,,,,,,,,,,,,,,143,,,157,,,155,,,163,,,178,,,135,,,144,,,150,,,168,,,188,,,186,,,179,,,184,,,191,,,177,,,194,,
Northern Africa,Total goods discharged,,,,,,,,,,,,,,,,,,,,,,,,,,,,,,,,,,,,,,,,,,,,,,,,,,,,,,,,,,,,,,,,,,,,,,,,,,,,,,,,,,,,,,,,,,,,,,,,,,,,,,,,,,,,,163,,,179,,,184,,,190,,,204,,,159,,,167,,,182,,,207,,,225,,,224,,,223,,,234,,,243,,,222,,,240,,
Sub-Saharan Africa,Crude oil loaded,,,,,,,,,,,,,,,,,,,,,,,,,,,,,,,,,,,,,,,,,,,,,,,,,,,,,,,,,,,,,,,,,,,,,,,,,,,,,,,,,,,,,,,,,,,,,,,,,,,,,,,,,,,,,225,,,233,,,246,,,234,,,221,,,244,,,236,,,231,,,236,,,230,,,214,,,208,,,209,,,211,,,182,,,166,,
Sub-Saharan Africa,Other tanker trade loaded,,,,,,,,,,,,,,,,,,,,,,,,,,,,,,,,,,,,,,,,,,,,,,,,,,,,,,,,,,,,,,,,,,,,,,,,,,,,,,,,,,,,,,,,,,,,,,,,,,,,,,,,,,,,,22,,,19,,,21,,,18,,,17,,,27,,,31,,,29,,,30,,,26,,,29,,,40,,,42,,,49,,,46,,,55,,
Sub-Saharan Africa,Dry cargo loaded,,,,,,,,,,,,,,,,,,,,,,,,,,,,,,,,,,,,,,,,,,,,,,,,,,,,,,,,,,,,,,,,,,,,,,,,,,,,,,,,,,,,,,,,,,,,,,,,,,,,,,,,,,,,,197,,,205,,,221,,,201,,,223,,,236,,,235,,,264,,,264,,,280,,,280,,,288,,,290,,,304,,,302,,,316,,
Sub-Saharan Africa,Total goods loaded,,,,,,,,,,,,,,,,,,,,,,,,,,,,,,,,,,,,,,,,,,,,,,,,,,,,,,,,,,,,,,,,,,,,,,,,,,,,,,,,,,,,,,,,,,,,,,,,,,,,,,,,,,,,,443,,,457,,,489,,,452,,,460,,,507,,,502,,,525,,,531,,,537,,,523,,,536,,,541,,,563,,,531,,,537,,
Sub-Saharan Africa,Crude oil discharged,,,,,,,,,,,,,,,,,,,,,,,,,,,,,,,,,,,,,,,,,,,,,,,,,,,,,,,,,,,,,,,,,,,,,,,,,,,,,,,,,,,,,,,,,,,,,,,,,,,,,,,,,,,,,35,,,38,,,34,,,32,,,31,,,30,,,24,,,27,,,30,,,32,,,29,,,29,,,25,,,26,,,24,,,22,,
Sub-Saharan Africa,Other tanker trade discharged,,,,,,,,,,,,,,,,,,,,,,,,,,,,,,,,,,,,,,,,,,,,,,,,,,,,,,,,,,,,,,,,,,,,,,,,,,,,,,,,,,,,,,,,,,,,,,,,,,,,,,,,,,,,,25,,,30,,,26,,,25,,,24,,,30,,,36,,,37,,,40,,,41,,,53,,,61,,,64,,,70,,,68,,,76,,
Sub-Saharan Africa,Dry cargo discharged,,,,,,,,,,,,,,,,,,,,,,,,,,,,,,,,,,,,,,,,,,,,,,,,,,,,,,,,,,,,,,,,,,,,,,,,,,,,,,,,,,,,,,,,,,,,,,,,,,,,,,,,,,,,,126,,,134,,,133,,,139,,,141,,,140,,,155,,,161,,,169,,,172,,,174,,,163,,,179,,,194,,,195,,,215,,
Sub-Saharan Africa,Total goods discharged,,,,,,,,,,,,,,,,,,,,,,,,,,,,,,,,,,,,,,,,,,,,,,,,,,,,,,,,,,,,,,,,,,,,,,,,,,,,,,,,,,,,,,,,,,,,,,,,,,,,,,,,,,,,,186,,,201,,,193,,,196,,,196,,,201,,,215,,,225,,,238,,,245,,,256,,,253,,,268,,,291,,,288,,,313,,
Eastern Africa,Crude oil loaded,,,,,,,,,,,,,,,,,,,,,,,,,,,,,,,,,,,,,,,,,,,,,,,,,,,,,,,,,,,,,,,,,,,,,,,,,,,,,,,,,,,,,,,,,,,,,,,,,,,,,,,,,,,,,0,,,0,,,0,,,0,,,0,,,0,,,0,,,0,,,0,,,0,,,0,,,0,,,0,,,3,,,3,,,2,,
Eastern Africa,Other tanker trade loaded,,,,,,,,,,,,,,,,,,,,,,,,,,,,,,,,,,,,,,,,,,,,,,,,,,,,,,,,,,,,,,,,,,,,,,,,,,,,,,,,,,,,,,,,,,,,,,,,,,,,,,,,,,,,,0,,,0,,,0,,,0,,,0,,,0,,,0,,,0,,,0,,,0,,,1,,,3,,,4,,,8,,,8,,,5,,
Eastern Africa,Dry cargo loaded,,,,,,,,,,,,,,,,,,,,,,,,,,,,,,,,,,,,,,,,,,,,,,,,,,,,,,,,,,,,,,,,,,,,,,,,,,,,,,,,,,,,,,,,,,,,,,,,,,,,,,,,,,,,,21,,,21,,,22,,,20,,,20,,,18,,,16,,,15,,,17,,,17,,,17,,,17,,,19,,,20,,,20,,,21,,
Eastern Africa,Total goods loaded,,,,,,,,,,,,,,,,,,,,,,,,,,,,,,,,,,,,,,,,,,,,,,,,,,,,,,,,,,,,,,,,,,,,,,,,,,,,,,,,,,,,,,,,,,,,,,,,,,,,,,,,,,,,,22,,,22,,,22,,,20,,,20,,,19,,,17,,,16,,,17,,,17,,,18,,,20,,,23,,,31,,,31,,,28,,
Eastern Africa,Crude oil discharged,,,,,,,,,,,,,,,,,,,,,,,,,,,,,,,,,,,,,,,,,,,,,,,,,,,,,,,,,,,,,,,,,,,,,,,,,,,,,,,,,,,,,,,,,,,,,,,,,,,,,,,,,,,,,2,,,2,,,2,,,2,,,2,,,1,,,2,,,2,,,1,,,1,,,0,,,1,,,0,,,1,,,0,,,0,,
Eastern Africa,Other tanker trade discharged,,,,,,,,,,,,,,,,,,,,,,,,,,,,,,,,,,,,,,,,,,,,,,,,,,,,,,,,,,,,,,,,,,,,,,,,,,,,,,,,,,,,,,,,,,,,,,,,,,,,,,,,,,,,,7,,,8,,,7,,,9,,,8,,,9,,,10,,,9,,,11,,,9,,,14,,,17,,,16,,,19,,,18,,,18,,
Eastern Africa,Dry cargo discharged,,,,,,,,,,,,,,,,,,,,,,,,,,,,,,,,,,,,,,,,,,,,,,,,,,,,,,,,,,,,,,,,,,,,,,,,,,,,,,,,,,,,,,,,,,,,,,,,,,,,,,,,,,,,,17,,,19,,,20,,,18,,,20,,,22,,,22,,,25,,,26,,,29,,,31,,,33,,,37,,,52,,,51,,,50,,
Eastern Africa,Total goods discharged,,,,,,,,,,,,,,,,,,,,,,,,,,,,,,,,,,,,,,,,,,,,,,,,,,,,,,,,,,,,,,,,,,,,,,,,,,,,,,,,,,,,,,,,,,,,,,,,,,,,,,,,,,,,,26,,,29,,,29,,,28,,,30,,,32,,,34,,,35,,,37,,,39,,,45,,,50,,,54,,,72,,,69,,,68,,
Middle Africa,Crude oil loaded,,,,,,,,,,,,,,,,,,,,,,,,,,,,,,,,,,,,,,,,,,,,,,,,,,,,,,,,,,,,,,,,,,,,,,,,,,,,,,,,,,,,,,,,,,,,,,,,,,,,,,,,,,,,,114,,,123,,,134,,,129,,,124,,,129,,,128,,,132,,,124,,,125,,,124,,,113,,,110,,,105,,,100,,,88,,
Middle Africa,Other tanker trade loaded,,,,,,,,,,,,,,,,,,,,,,,,,,,,,,,,,,,,,,,,,,,,,,,,,,,,,,,,,,,,,,,,,,,,,,,,,,,,,,,,,,,,,,,,,,,,,,,,,,,,,,,,,,,,,3,,,3,,,6,,,2,,,2,,,6,,,7,,,6,,,7,,,6,,,8,,,7,,,8,,,8,,,8,,,14,,
Middle Africa,Dry cargo loaded,,,,,,,,,,,,,,,,,,,,,,,,,,,,,,,,,,,,,,,,,,,,,,,,,,,,,,,,,,,,,,,,,,,,,,,,,,,,,,,,,,,,,,,,,,,,,,,,,,,,,,,,,,,,,6,,,8,,,9,,,9,,,9,,,9,,,11,,,13,,,11,,,13,,,14,,,14,,,17,,,16,,,16,,,19,,
Middle Africa,Total goods loaded,,,,,,,,,,,,,,,,,,,,,,,,,,,,,,,,,,,,,,,,,,,,,,,,,,,,,,,,,,,,,,,,,,,,,,,,,,,,,,,,,,,,,,,,,,,,,,,,,,,,,,,,,,,,,123,,,133,,,149,,,140,,,136,,,145,,,147,,,150,,,142,,,144,,,145,,,133,,,135,,,129,,,124,,,122,,
Middle Africa,Crude oil discharged,,,,,,,,,,,,,,,,,,,,,,,,,,,,,,,,,,,,,,,,,,,,,,,,,,,,,,,,,,,,,,,,,,,,,,,,,,,,,,,,,,,,,,,,,,,,,,,,,,,,,,,,,,,,,2,,,3,,,2,,,2,,,2,,,1,,,1,,,2,,,2,,,2,,,2,,,3,,,1,,,1,,,1,,,1,,
Middle Africa,Other tanker trade discharged,,,,,,,,,,,,,,,,,,,,,,,,,,,,,,,,,,,,,,,,,,,,,,,,,,,,,,,,,,,,,,,,,,,,,,,,,,,,,,,,,,,,,,,,,,,,,,,,,,,,,,,,,,,,,2,,,2,,,3,,,3,,,3,,,4,,,4,,,4,,,4,,,6,,,8,,,9,,,6,,,7,,,7,,,9,,
Middle Africa,Dry cargo discharged,,,,,,,,,,,,,,,,,,,,,,,,,,,,,,,,,,,,,,,,,,,,,,,,,,,,,,,,,,,,,,,,,,,,,,,,,,,,,,,,,,,,,,,,,,,,,,,,,,,,,,,,,,,,,7,,,8,,,9,,,10,,,11,,,12,,,14,,,16,,,17,,,17,,,16,,,16,,,21,,,28,,,28,,,33,,
Middle Africa,Total goods discharged,,,,,,,,,,,,,,,,,,,,,,,,,,,,,,,,,,,,,,,,,,,,,,,,,,,,,,,,,,,,,,,,,,,,,,,,,,,,,,,,,,,,,,,,,,,,,,,,,,,,,,,,,,,,,11,,,12,,,13,,,14,,,16,,,17,,,19,,,22,,,23,,,25,,,26,,,28,,,28,,,36,,,36,,,43,,
Southern Africa,Crude oil loaded,,,,,,,,,,,,,,,,,,,,,,,,,,,,,,,,,,,,,,,,,,,,,,,,,,,,,,,,,,,,,,,,,,,,,,,,,,,,,,,,,,,,,,,,,,,,,,,,,,,,,,,,,,,,,0,,,0,,,0,,,0,,,0,,,0,,,0,,,1,,,0,,,0,,,0,,,0,,,0,,,0,,,0,,,0,,
Southern Africa,Other tanker trade loaded,,,,,,,,,,,,,,,,,,,,,,,,,,,,,,,,,,,,,,,,,,,,,,,,,,,,,,,,,,,,,,,,,,,,,,,,,,,,,,,,,,,,,,,,,,,,,,,,,,,,,,,,,,,,,6,,,6,,,6,,,5,,,5,,,2,,,4,,,4,,,3,,,3,,,3,,,4,,,5,,,6,,,5,,,5,,
Southern Africa,Dry cargo loaded,,,,,,,,,,,,,,,,,,,,,,,,,,,,,,,,,,,,,,,,,,,,,,,,,,,,,,,,,,,,,,,,,,,,,,,,,,,,,,,,,,,,,,,,,,,,,,,,,,,,,,,,,,,,,130,,,130,,,136,,,131,,,139,,,151,,,160,,,162,,,163,,,175,,,167,,,174,,,169,,,173,,,173,,,170,,
Southern Africa,Total goods loaded,,,,,,,,,,,,,,,,,,,,,,,,,,,,,,,,,,,,,,,,,,,,,,,,,,,,,,,,,,,,,,,,,,,,,,,,,,,,,,,,,,,,,,,,,,,,,,,,,,,,,,,,,,,,,136,,,136,,,143,,,137,,,145,,,153,,,164,,,166,,,167,,,178,,,170,,,177,,,174,,,179,,,178,,,175,,
Southern Africa,Crude oil discharged,,,,,,,,,,,,,,,,,,,,,,,,,,,,,,,,,,,,,,,,,,,,,,,,,,,,,,,,,,,,,,,,,,,,,,,,,,,,,,,,,,,,,,,,,,,,,,,,,,,,,,,,,,,,,26,,,26,,,23,,,22,,,21,,,22,,,16,,,17,,,22,,,23,,,23,,,20,,,19,,,19,,,19,,,17,,
Southern Africa,Other tanker trade discharged,,,,,,,,,,,,,,,,,,,,,,,,,,,,,,,,,,,,,,,,,,,,,,,,,,,,,,,,,,,,,,,,,,,,,,,,,,,,,,,,,,,,,,,,,,,,,,,,,,,,,,,,,,,,,3,,,3,,,3,,,3,,,2,,,2,,,5,,,4,,,8,,,8,,,9,,,8,,,11,,,11,,,12,,,10,,
Southern Africa,Dry cargo discharged,,,,,,,,,,,,,,,,,,,,,,,,,,,,,,,,,,,,,,,,,,,,,,,,,,,,,,,,,,,,,,,,,,,,,,,,,,,,,,,,,,,,,,,,,,,,,,,,,,,,,,,,,,,,,39,,,39,,,43,,,45,,,37,,,27,,,31,,,29,,,27,,,26,,,27,,,21,,,25,,,23,,,24,,,26,,
Southern Africa,Total goods discharged,,,,,,,,,,,,,,,,,,,,,,,,,,,,,,,,,,,,,,,,,,,,,,,,,,,,,,,,,,,,,,,,,,,,,,,,,,,,,,,,,,,,,,,,,,,,,,,,,,,,,,,,,,,,,67,,,67,,,69,,,69,,,60,,,51,,,51,,,51,,,57,,,57,,,59,,,49,,,54,,,54,,,54,,,53,,
Western Africa,Crude oil loaded,,,,,,,,,,,,,,,,,,,,,,,,,,,,,,,,,,,,,,,,,,,,,,,,,,,,,,,,,,,,,,,,,,,,,,,,,,,,,,,,,,,,,,,,,,,,,,,,,,,,,,,,,,,,,111,,,110,,,112,,,104,,,96,,,115,,,108,,,99,,,112,,,105,,,90,,,95,,,99,,,102,,,79,,,76,,
Western Africa,Other tanker trade loaded,,,,,,,,,,,,,,,,,,,,,,,,,,,,,,,,,,,,,,,,,,,,,,,,,,,,,,,,,,,,,,,,,,,,,,,,,,,,,,,,,,,,,,,,,,,,,,,,,,,,,,,,,,,,,13,,,10,,,9,,,10,,,9,,,18,,,19,,,19,,,20,,,16,,,18,,,27,,,25,,,27,,,25,,,31,,
Western Africa,Dry cargo loaded,,,,,,,,,,,,,,,,,,,,,,,,,,,,,,,,,,,,,,,,,,,,,,,,,,,,,,,,,,,,,,,,,,,,,,,,,,,,,,,,,,,,,,,,,,,,,,,,,,,,,,,,,,,,,40,,,47,,,54,,,41,,,54,,,57,,,47,,,75,,,73,,,77,,,83,,,83,,,85,,,95,,,94,,,105,,
Western Africa,Total goods loaded,,,,,,,,,,,,,,,,,,,,,,,,,,,,,,,,,,,,,,,,,,,,,,,,,,,,,,,,,,,,,,,,,,,,,,,,,,,,,,,,,,,,,,,,,,,,,,,,,,,,,,,,,,,,,163,,,167,,,175,,,156,,,159,,,190,,,175,,,193,,,205,,,198,,,190,,,206,,,209,,,223,,,198,,,213,,
Western Africa,Crude oil discharged,,,,,,,,,,,,,,,,,,,,,,,,,,,,,,,,,,,,,,,,,,,,,,,,,,,,,,,,,,,,,,,,,,,,,,,,,,,,,,,,,,,,,,,,,,,,,,,,,,,,,,,,,,,,,5,,,8,,,7,,,7,,,7,,,5,,,5,,,6,,,6,,,6,,,4,,,5,,,5,,,4,,,4,,,4,,
Western Africa,Other tanker trade discharged,,,,,,,,,,,,,,,,,,,,,,,,,,,,,,,,,,,,,,,,,,,,,,,,,,,,,,,,,,,,,,,,,,,,,,,,,,,,,,,,,,,,,,,,,,,,,,,,,,,,,,,,,,,,,14,,,17,,,13,,,11,,,11,,,16,,,17,,,20,,,16,,,17,,,21,,,28,,,31,,,33,,,32,,,38,,
Western Africa,Dry cargo discharged,,,,,,,,,,,,,,,,,,,,,,,,,,,,,,,,,,,,,,,,,,,,,,,,,,,,,,,,,,,,,,,,,,,,,,,,,,,,,,,,,,,,,,,,,,,,,,,,,,,,,,,,,,,,,62,,,68,,,62,,,66,,,73,,,80,,,89,,,91,,,99,,,101,,,101,,,93,,,96,,,91,,,92,,,107,,
Western Africa,Total goods discharged,,,,,,,,,,,,,,,,,,,,,,,,,,,,,,,,,,,,,,,,,,,,,,,,,,,,,,,,,,,,,,,,,,,,,,,,,,,,,,,,,,,,,,,,,,,,,,,,,,,,,,,,,,,,,81,,,93,,,82,,,84,,,91,,,100,,,112,,,117,,,121,,,124,,,126,,,126,,,132,,,128,,,128,,,148,,
Americas,Crude oil loaded,,,,,,,,,,,,,,,,,,,,,,,,,,,,,,,,,,,,,,,,,,,,,,,,,,,,,,,,,,,,,,,,,,,,,,,,,,,,,,,,,,,,,,,,,,,,,,,,,,,,,,,,,,,,,273,,,277,,,259,,,250,,,256,,,278,,,284,,,274,,,276,,,275,,,294,,,298,,,324,,,418,,,392,,,369,,
Americas,Other tanker trade loaded,,,,,,,,,,,,,,,,,,,,,,,,,,,,,,,,,,,,,,,,,,,,,,,,,,,,,,,,,,,,,,,,,,,,,,,,,,,,,,,,,,,,,,,,,,,,,,,,,,,,,,,,,,,,,180,,,182,,,212,,,198,,,200,,,232,,,223,,,206,,,216,,,231,,,223,,,229,,,262,,,212,,,186,,,193,,
Americas,Dry cargo loaded,,,,,,,,,,,,,,,,,,,,,,,,,,,,,,,,,,,,,,,,,,,,,,,,,,,,,,,,,,,,,,,,,,,,,,,,,,,,,,,,,,,,,,,,,,,,,,,,,,,,,,,,,,,,,1122,,,1241,,,1330,,,1229,,,1348,,,1466,,,1570,,,1604,,,1632,,,1724,,,1725,,,1773,,,1835,,,1937,,,1911,,,2001,,
Americas,Total goods loaded,,,,,,,,,,,,,,,,,,,,,,,,,,,,,,,,,,,,,,,,,,,,,,,,,,,,,,,,,,,,,,,,,,,,,,,,,,,,,,,,,,,,,,,,,,,,,,,,,,,,,,,,,,,,,1576,,,1700,,,1801,,,1676,,,1805,,,1976,,,2078,,,2084,,,2124,,,2230,,,2241,,,2300,,,2421,,,2567,,,2489,,,2563,,
Americas,Crude oil discharged,,,,,,,,,,,,,,,,,,,,,,,,,,,,,,,,,,,,,,,,,,,,,,,,,,,,,,,,,,,,,,,,,,,,,,,,,,,,,,,,,,,,,,,,,,,,,,,,,,,,,,,,,,,,,565,,,590,,,556,,,510,,,533,,,484,,,476,,,426,,,378,,,355,,,349,,,314,,,303,,,294,,,237,,,228,,
Americas,Other tanker trade discharged,,,,,,,,,,,,,,,,,,,,,,,,,,,,,,,,,,,,,,,,,,,,,,,,,,,,,,,,,,,,,,,,,,,,,,,,,,,,,,,,,,,,,,,,,,,,,,,,,,,,,,,,,,,,,217,,,220,,,209,,,206,,,212,,,188,,,196,,,192,,,202,,,203,,,223,,,216,,,240,,,252,,,223,,,239,,
Americas,Dry cargo discharged,,,,,,,,,,,,,,,,,,,,,,,,,,,,,,,,,,,,,,,,,,,,,,,,,,,,,,,,,,,,,,,,,,,,,,,,,,,,,,,,,,,,,,,,,,,,,,,,,,,,,,,,,,,,,756,,,729,,,703,,,540,,,598,,,694,,,753,,,828,,,827,,,851,,,833,,,897,,,971,,,961,,,941,,,1035,,
Americas,Total goods discharged,,,,,,,,,,,,,,,,,,,,,,,,,,,,,,,,,,,,,,,,,,,,,,,,,,,,,,,,,,,,,,,,,,,,,,,,,,,,,,,,,,,,,,,,,,,,,,,,,,,,,,,,,,,,,1538,,,1539,,,1467,,,1256,,,1342,,,1366,,,1425,,,1445,,,1408,,,1409,,,1406,,,1426,,,1514,,,1506,,,1400,,,1501,,
Northern America,Crude oil loaded,,,,,,,,,,,,,,,,,,,,,,,,,,,,,,,,,,,,,,,,,,,,,,,,,,,,,,,,,,,,,,,,,,,,,,,,,,,,,,,,,,,,,,,,,,,,,,,,,,,,,,,,,,,,,22,,,25,,,24,,,24,,,25,,,24,,,31,,,34,,,43,,,51,,,61,,,73,,,123,,,196,,,190,,,179,,
Northern America,Other tanker trade loaded,,,,,,,,,,,,,,,,,,,,,,,,,,,,,,,,,,,,,,,,,,,,,,,,,,,,,,,,,,,,,,,,,,,,,,,,,,,,,,,,,,,,,,,,,,,,,,,,,,,,,,,,,,,,,86,,,91,,,119,,,124,,,127,,,154,,,137,,,136,,,140,,,147,,,142,,,157,,,174,,,131,,,111,,,122,,
Northern America,Dry cargo loaded,,,,,,,,,,,,,,,,,,,,,,,,,,,,,,,,,,,,,,,,,,,,,,,,,,,,,,,,,,,,,,,,,,,,,,,,,,,,,,,,,,,,,,,,,,,,,,,,,,,,,,,,,,,,,437,,,517,,,549,,,498,,,523,,,564,,,627,,,650,,,640,,,680,,,683,,,706,,,739,,,834,,,816,,,879,,
Northern America,Total goods loaded,,,,,,,,,,,,,,,,,,,,,,,,,,,,,,,,,,,,,,,,,,,,,,,,,,,,,,,,,,,,,,,,,,,,,,,,,,,,,,,,,,,,,,,,,,,,,,,,,,,,,,,,,,,,,545,,,633,,,693,,,646,,,676,,,743,,,795,,,820,,,823,,,878,,,887,,,936,,,1036,,,1160,,,1116,,,1180,,
Northern America,Crude oil discharged,,,,,,,,,,,,,,,,,,,,,,,,,,,,,,,,,,,,,,,,,,,,,,,,,,,,,,,,,,,,,,,,,,,,,,,,,,,,,,,,,,,,,,,,,,,,,,,,,,,,,,,,,,,,,501,,,514,,,481,,,445,,,463,,,413,,,402,,,356,,,313,,,289,,,297,,,266,,,256,,,249,,,198,,,192,,
Northern America,Other tanker trade discharged,,,,,,,,,,,,,,,,,,,,,,,,,,,,,,,,,,,,,,,,,,,,,,,,,,,,,,,,,,,,,,,,,,,,,,,,,,,,,,,,,,,,,,,,,,,,,,,,,,,,,,,,,,,,,156,,,156,,,139,,,132,,,135,,,114,,,112,,,102,,,103,,,101,,,95,,,74,,,91,,,108,,,93,,,110,,
Northern America,Dry cargo discharged,,,,,,,,,,,,,,,,,,,,,,,,,,,,,,,,,,,,,,,,,,,,,,,,,,,,,,,,,,,,,,,,,,,,,,,,,,,,,,,,,,,,,,,,,,,,,,,,,,,,,,,,,,,,,492,,,453,,,414,,,306,,,335,,,369,,,378,,,431,,,420,,,429,,,448,,,478,,,529,,,528,,,519,,,562,,
Northern America,Total goods discharged,,,,,,,,,,,,,,,,,,,,,,,,,,,,,,,,,,,,,,,,,,,,,,,,,,,,,,,,,,,,,,,,,,,,,,,,,,,,,,,,,,,,,,,,,,,,,,,,,,,,,,,,,,,,,1149,,,1123,,,1034,,,884,,,934,,,895,,,892,,,890,,,836,,,819,,,840,,,818,,,876,,,885,,,811,,,864,,
Latin America and the Caribbean,Crude oil loaded,,,,,,,,,,,,,,,,,,,,,,,,,,,,,,,,,,,,,,,,,,,,,,,,,,,,,,,,,,,,,,,,,,,,,,,,,,,,,,,,,,,,,,,,,,,,,,,,,,,,,,,,,,,,,251,,,252,,,235,,,226,,,231,,,254,,,253,,,240,,,233,,,223,,,232,,,225,,,201,,,222,,,202,,,190,,
Latin America and the Caribbean,Other tanker trade loaded,,,,,,,,,,,,,,,,,,,,,,,,,,,,,,,,,,,,,,,,,,,,,,,,,,,,,,,,,,,,,,,,,,,,,,,,,,,,,,,,,,,,,,,,,,,,,,,,,,,,,,,,,,,,,94,,,91,,,93,,,74,,,73,,,78,,,86,,,70,,,76,,,84,,,81,,,72,,,89,,,81,,,75,,,71,,
Latin America and the Caribbean,Dry cargo loaded,,,,,,,,,,,,,,,,,,,,,,,,,,,,,,,,,,,,,,,,,,,,,,,,,,,,,,,,,,,,,,,,,,,,,,,,,,,,,,,,,,,,,,,,,,,,,,,,,,,,,,,,,,,,,686,,,724,,,781,,,730,,,825,,,902,,,943,,,954,,,992,,,1044,,,1041,,,1067,,,1096,,,1103,,,1095,,,1122,,
Latin America and the Caribbean,Total goods loaded,,,,,,,,,,,,,,,,,,,,,,,,,,,,,,,,,,,,,,,,,,,,,,,,,,,,,,,,,,,,,,,,,,,,,,,,,,,,,,,,,,,,,,,,,,,,,,,,,,,,,,,,,,,,,1031,,,1067,,,1108,,,1030,,,1130,,,1234,,,1283,,,1264,,,1301,,,1352,,,1355,,,1364,,,1385,,,1407,,,1373,,,1383,,
Latin America and the Caribbean,Crude oil discharged,,,,,,,,,,,,,,,,,,,,,,,,,,,,,,,,,,,,,,,,,,,,,,,,,,,,,,,,,,,,,,,,,,,,,,,,,,,,,,,,,,,,,,,,,,,,,,,,,,,,,,,,,,,,,64,,,76,,,74,,,64,,,69,,,71,,,75,,,69,,,65,,,66,,,52,,,48,,,47,,,45,,,39,,,36,,
Latin America and the Caribbean,Other tanker trade discharged,,,,,,,,,,,,,,,,,,,,,,,,,,,,,,,,,,,,,,,,,,,,,,,,,,,,,,,,,,,,,,,,,,,,,,,,,,,,,,,,,,,,,,,,,,,,,,,,,,,,,,,,,,,,,62,,,64,,,70,,,74,,,77,,,74,,,84,,,89,,,100,,,102,,,128,,,141,,,149,,,144,,,129,,,129,,
Latin America and the Caribbean,Dry cargo discharged,,,,,,,,,,,,,,,,,,,,,,,,,,,,,,,,,,,,,,,,,,,,,,,,,,,,,,,,,,,,,,,,,,,,,,,,,,,,,,,,,,,,,,,,,,,,,,,,,,,,,,,,,,,,,264,,,276,,,289,,,234,,,263,,,326,,,374,,,397,,,407,,,422,,,386,,,419,,,442,,,433,,,421,,,472,,
Latin America and the Caribbean,Total goods discharged,,,,,,,,,,,,,,,,,,,,,,,,,,,,,,,,,,,,,,,,,,,,,,,,,,,,,,,,,,,,,,,,,,,,,,,,,,,,,,,,,,,,,,,,,,,,,,,,,,,,,,,,,,,,,389,,,416,,,433,,,372,,,409,,,471,,,532,,,555,,,572,,,590,,,566,,,608,,,638,,,621,,,590,,,638,,
Caribbean,Crude oil loaded,,,,,,,,,,,,,,,,,,,,,,,,,,,,,,,,,,,,,,,,,,,,,,,,,,,,,,,,,,,,,,,,,,,,,,,,,,,,,,,,,,,,,,,,,,,,,,,,,,,,,,,,,,,,,4,,,7,,,8,,,4,,,4,,,4,,,4,,,6,,,2,,,2,,,1,,,2,,,1,,,0,,,1,,,3,,
Caribbean,Other tanker trade loaded,,,,,,,,,,,,,,,,,,,,,,,,,,,,,,,,,,,,,,,,,,,,,,,,,,,,,,,,,,,,,,,,,,,,,,,,,,,,,,,,,,,,,,,,,,,,,,,,,,,,,,,,,,,,,30,,,27,,,30,,,20,,,20,,,22,,,27,,,22,,,30,,,32,,,33,,,29,,,31,,,27,,,23,,,18,,
Caribbean,Dry cargo loaded,,,,,,,,,,,,,,,,,,,,,,,,,,,,,,,,,,,,,,,,,,,,,,,,,,,,,,,,,,,,,,,,,,,,,,,,,,,,,,,,,,,,,,,,,,,,,,,,,,,,,,,,,,,,,19,,,21,,,26,,,19,,,21,,,23,,,29,,,23,,,19,,,19,,,18,,,18,,,17,,,19,,,18,,,26,,
Caribbean,Total goods loaded,,,,,,,,,,,,,,,,,,,,,,,,,,,,,,,,,,,,,,,,,,,,,,,,,,,,,,,,,,,,,,,,,,,,,,,,,,,,,,,,,,,,,,,,,,,,,,,,,,,,,,,,,,,,,53,,,55,,,64,,,43,,,44,,,48,,,60,,,51,,,51,,,53,,,52,,,49,,,49,,,46,,,42,,,47,,
Caribbean,Crude oil discharged,,,,,,,,,,,,,,,,,,,,,,,,,,,,,,,,,,,,,,,,,,,,,,,,,,,,,,,,,,,,,,,,,,,,,,,,,,,,,,,,,,,,,,,,,,,,,,,,,,,,,,,,,,,,,30,,,36,,,33,,,31,,,32,,,34,,,35,,,34,,,33,,,34,,,29,,,24,,,19,,,17,,,13,,,12,,
Caribbean,Other tanker trade discharged,,,,,,,,,,,,,,,,,,,,,,,,,,,,,,,,,,,,,,,,,,,,,,,,,,,,,,,,,,,,,,,,,,,,,,,,,,,,,,,,,,,,,,,,,,,,,,,,,,,,,,,,,,,,,18,,,17,,,18,,,20,,,21,,,16,,,18,,,15,,,14,,,15,,,15,,,24,,,27,,,26,,,28,,,22,,
Caribbean,Dry cargo discharged,,,,,,,,,,,,,,,,,,,,,,,,,,,,,,,,,,,,,,,,,,,,,,,,,,,,,,,,,,,,,,,,,,,,,,,,,,,,,,,,,,,,,,,,,,,,,,,,,,,,,,,,,,,,,21,,,21,,,28,,,20,,,23,,,28,,,35,,,29,,,33,,,33,,,34,,,33,,,33,,,32,,,31,,,41,,
Caribbean,Total goods discharged,,,,,,,,,,,,,,,,,,,,,,,,,,,,,,,,,,,,,,,,,,,,,,,,,,,,,,,,,,,,,,,,,,,,,,,,,,,,,,,,,,,,,,,,,,,,,,,,,,,,,,,,,,,,,69,,,74,,,80,,,72,,,76,,,78,,,88,,,78,,,80,,,81,,,79,,,81,,,79,,,75,,,72,,,75,,
Central America,Crude oil loaded,,,,,,,,,,,,,,,,,,,,,,,,,,,,,,,,,,,,,,,,,,,,,,,,,,,,,,,,,,,,,,,,,,,,,,,,,,,,,,,,,,,,,,,,,,,,,,,,,,,,,,,,,,,,,104,,,94,,,82,,,71,,,75,,,76,,,74,,,61,,,58,,,60,,,66,,,69,,,65,,,70,,,70,,,64,,
Central America,Other tanker trade loaded,,,,,,,,,,,,,,,,,,,,,,,,,,,,,,,,,,,,,,,,,,,,,,,,,,,,,,,,,,,,,,,,,,,,,,,,,,,,,,,,,,,,,,,,,,,,,,,,,,,,,,,,,,,,,5,,,5,,,11,,,7,,,7,,,10,,,8,,,12,,,8,,,11,,,10,,,10,,,13,,,8,,,8,,,8,,
Central America,Dry cargo loaded,,,,,,,,,,,,,,,,,,,,,,,,,,,,,,,,,,,,,,,,,,,,,,,,,,,,,,,,,,,,,,,,,,,,,,,,,,,,,,,,,,,,,,,,,,,,,,,,,,,,,,,,,,,,,54,,,55,,,59,,,52,,,66,,,66,,,71,,,97,,,85,,,83,,,69,,,75,,,80,,,83,,,82,,,81,,
Central America,Total goods loaded,,,,,,,,,,,,,,,,,,,,,,,,,,,,,,,,,,,,,,,,,,,,,,,,,,,,,,,,,,,,,,,,,,,,,,,,,,,,,,,,,,,,,,,,,,,,,,,,,,,,,,,,,,,,,163,,,153,,,151,,,131,,,148,,,152,,,153,,,170,,,151,,,154,,,145,,,155,,,159,,,161,,,160,,,152,,
Central America,Crude oil discharged,,,,,,,,,,,,,,,,,,,,,,,,,,,,,,,,,,,,,,,,,,,,,,,,,,,,,,,,,,,,,,,,,,,,,,,,,,,,,,,,,,,,,,,,,,,,,,,,,,,,,,,,,,,,,2,,,3,,,3,,,2,,,2,,,2,,,2,,,1,,,1,,,1,,,0,,,1,,,1,,,1,,,1,,,1,,
Central America,Other tanker trade discharged,,,,,,,,,,,,,,,,,,,,,,,,,,,,,,,,,,,,,,,,,,,,,,,,,,,,,,,,,,,,,,,,,,,,,,,,,,,,,,,,,,,,,,,,,,,,,,,,,,,,,,,,,,,,,25,,,28,,,29,,,27,,,29,,,31,,,30,,,40,,,36,,,38,,,50,,,57,,,61,,,63,,,50,,,47,,
Central America,Dry cargo discharged,,,,,,,,,,,,,,,,,,,,,,,,,,,,,,,,,,,,,,,,,,,,,,,,,,,,,,,,,,,,,,,,,,,,,,,,,,,,,,,,,,,,,,,,,,,,,,,,,,,,,,,,,,,,,81,,,82,,,75,,,67,,,75,,,93,,,105,,,108,,,99,,,105,,,109,,,119,,,123,,,124,,,119,,,135,,
Central America,Total goods discharged,,,,,,,,,,,,,,,,,,,,,,,,,,,,,,,,,,,,,,,,,,,,,,,,,,,,,,,,,,,,,,,,,,,,,,,,,,,,,,,,,,,,,,,,,,,,,,,,,,,,,,,,,,,,,109,,,112,,,106,,,96,,,106,,,126,,,138,,,149,,,136,,,144,,,159,,,176,,,185,,,187,,,169,,,183,,
South America,Crude oil loaded,,,,,,,,,,,,,,,,,,,,,,,,,,,,,,,,,,,,,,,,,,,,,,,,,,,,,,,,,,,,,,,,,,,,,,,,,,,,,,,,,,,,,,,,,,,,,,,,,,,,,,,,,,,,,143,,,152,,,145,,,151,,,152,,,174,,,175,,,173,,,173,,,162,,,165,,,154,,,134,,,152,,,131,,,124,,
South America,Other tanker trade loaded,,,,,,,,,,,,,,,,,,,,,,,,,,,,,,,,,,,,,,,,,,,,,,,,,,,,,,,,,,,,,,,,,,,,,,,,,,,,,,,,,,,,,,,,,,,,,,,,,,,,,,,,,,,,,59,,,58,,,52,,,47,,,47,,,46,,,51,,,35,,,38,,,41,,,38,,,33,,,45,,,47,,,45,,,45,,
South America,Dry cargo loaded,,,,,,,,,,,,,,,,,,,,,,,,,,,,,,,,,,,,,,,,,,,,,,,,,,,,,,,,,,,,,,,,,,,,,,,,,,,,,,,,,,,,,,,,,,,,,,,,,,,,,,,,,,,,,612,,,649,,,696,,,659,,,738,,,813,,,843,,,833,,,888,,,942,,,955,,,973,,,999,,,1002,,,996,,,1015,,
South America,Total goods loaded,,,,,,,,,,,,,,,,,,,,,,,,,,,,,,,,,,,,,,,,,,,,,,,,,,,,,,,,,,,,,,,,,,,,,,,,,,,,,,,,,,,,,,,,,,,,,,,,,,,,,,,,,,,,,814,,,859,,,894,,,856,,,937,,,1033,,,1069,,,1042,,,1100,,,1144,,,1158,,,1160,,,1178,,,1200,,,1171,,,1183,,
South America,Crude oil discharged,,,,,,,,,,,,,,,,,,,,,,,,,,,,,,,,,,,,,,,,,,,,,,,,,,,,,,,,,,,,,,,,,,,,,,,,,,,,,,,,,,,,,,,,,,,,,,,,,,,,,,,,,,,,,31,,,37,,,39,,,31,,,35,,,35,,,37,,,35,,,31,,,32,,,23,,,22,,,26,,,28,,,25,,,24,,
South America,Other tanker trade discharged,,,,,,,,,,,,,,,,,,,,,,,,,,,,,,,,,,,,,,,,,,,,,,,,,,,,,,,,,,,,,,,,,,,,,,,,,,,,,,,,,,,,,,,,,,,,,,,,,,,,,,,,,,,,,18,,,20,,,23,,,27,,,27,,,26,,,35,,,34,,,50,,,49,,,63,,,61,,,62,,,55,,,52,,,59,,
South America,Dry cargo discharged,,,,,,,,,,,,,,,,,,,,,,,,,,,,,,,,,,,,,,,,,,,,,,,,,,,,,,,,,,,,,,,,,,,,,,,,,,,,,,,,,,,,,,,,,,,,,,,,,,,,,,,,,,,,,162,,,173,,,185,,,147,,,164,,,205,,,234,,,260,,,275,,,284,,,243,,,268,,,287,,,277,,,271,,,296,,
South America,Total goods discharged,,,,,,,,,,,,,,,,,,,,,,,,,,,,,,,,,,,,,,,,,,,,,,,,,,,,,,,,,,,,,,,,,,,,,,,,,,,,,,,,,,,,,,,,,,,,,,,,,,,,,,,,,,,,,211,,,229,,,247,,,204,,,226,,,266,,,307,,,329,,,356,,,364,,,328,,,351,,,374,,,360,,,348,,,380,,
Asia,Crude oil loaded,,,,,,,,,,,,,,,,,,,,,,,,,,,,,,,,,,,,,,,,,,,,,,,,,,,,,,,,,,,,,,,,,,,,,,,,,,,,,,,,,,,,,,,,,,,,,,,,,,,,,,,,,,,,,925,,,942,,,905,,,874,,,935,,,908,,,906,,,909,,,899,,,948,,,999,,,997,,,971,,,880,,,853,,,869,,
Asia,Other tanker trade loaded,,,,,,,,,,,,,,,,,,,,,,,,,,,,,,,,,,,,,,,,,,,,,,,,,,,,,,,,,,,,,,,,,,,,,,,,,,,,,,,,,,,,,,,,,,,,,,,,,,,,,,,,,,,,,369,,,375,,,363,,,368,,,375,,,405,,,413,,,449,,,481,,,531,,,607,,,608,,,623,,,664,,,622,,,652,,
Asia,Dry cargo loaded,,,,,,,,,,,,,,,,,,,,,,,,,,,,,,,,,,,,,,,,,,,,,,,,,,,,,,,,,,,,,,,,,,,,,,,,,,,,,,,,,,,,,,,,,,,,,,,,,,,,,,,,,,,,,1960,,,2095,,,2138,,,1990,,,2074,,,2197,,,2370,,,2525,,,2662,,,2618,,,2653,,,2812,,,2919,,,2977,,,2908,,,3055,,
Asia,Total goods loaded,,,,,,,,,,,,,,,,,,,,,,,,,,,,,,,,,,,,,,,,,,,,,,,,,,,,,,,,,,,,,,,,,,,,,,,,,,,,,,,,,,,,,,,,,,,,,,,,,,,,,,,,,,,,,3254,,,3411,,,3406,,,3232,,,3385,,,3509,,,3689,,,3884,,,4043,,,4097,,,4259,,,4417,,,4514,,,4521,,,4383,,,4575,,
Asia,Crude oil discharged,,,,,,,,,,,,,,,,,,,,,,,,,,,,,,,,,,,,,,,,,,,,,,,,,,,,,,,,,,,,,,,,,,,,,,,,,,,,,,,,,,,,,,,,,,,,,,,,,,,,,,,,,,,,,766,,,834,,,820,,,827,,,858,,,885,,,917,,,957,,,972,,,999,,,1097,,,1151,,,1194,,,1202,,,1197,,,1180,,
Asia,Other tanker trade discharged,,,,,,,,,,,,,,,,,,,,,,,,,,,,,,,,,,,,,,,,,,,,,,,,,,,,,,,,,,,,,,,,,,,,,,,,,,,,,,,,,,,,,,,,,,,,,,,,,,,,,,,,,,,,,338,,,350,,,380,,,373,,,411,,,443,,,458,,,475,,,481,,,558,,,611,,,642,,,673,,,675,,,675,,,680,,
Asia,Dry cargo discharged,,,,,,,,,,,,,,,,,,,,,,,,,,,,,,,,,,,,,,,,,,,,,,,,,,,,,,,,,,,,,,,,,,,,,,,,,,,,,,,,,,,,,,,,,,,,,,,,,,,,,,,,,,,,,2678,,,2869,,,3075,,,3116,,,3362,,,3563,,,3820,,,4121,,,4305,,,4347,,,4477,,,4743,,,4873,,,5038,,,5088,,,5194,,
Asia,Total goods discharged,,,,,,,,,,,,,,,,,,,,,,,,,,,,,,,,,,,,,,,,,,,,,,,,,,,,,,,,,,,,,,,,,,,,,,,,,,,,,,,,,,,,,,,,,,,,,,,,,,,,,,,,,,,,,3782,,,4053,,,4275,,,4316,,,4631,,,4890,,,5194,,,5553,,,5757,,,5904,,,6185,,,6537,,,6740,,,6915,,,6960,,,7055,,
Central Asia,Crude oil loaded,,,,,,,,,,,,,,,,,,,,,,,,,,,,,,,,,,,,,,,,,,,,,,,,,,,,,,,,,,,,,,,,,,,,,,,,,,,,,,,,,,,,,,,,,,,,,,,,,,,,,,,,,,,,,0,,,0,,,0,,,0,,,0,,,0,,,0,,,0,,,0,,,0,,,0,,,0,,,0,,,0,,,0,,,0,,
Central Asia,Other tanker trade loaded,,,,,,,,,,,,,,,,,,,,,,,,,,,,,,,,,,,,,,,,,,,,,,,,,,,,,,,,,,,,,,,,,,,,,,,,,,,,,,,,,,,,,,,,,,,,,,,,,,,,,,,,,,,,,0,,,0,,,0,,,0,,,0,,,0,,,0,,,0,,,0,,,0,,,0,,,0,,,0,,,0,,,0,,,0,,
Central Asia,Dry cargo loaded,,,,,,,,,,,,,,,,,,,,,,,,,,,,,,,,,,,,,,,,,,,,,,,,,,,,,,,,,,,,,,,,,,,,,,,,,,,,,,,,,,,,,,,,,,,,,,,,,,,,,,,,,,,,,0,,,0,,,0,,,0,,,0,,,0,,,0,,,0,,,0,,,0,,,0,,,0,,,0,,,0,,,0,,,0,,
Central Asia,Total goods loaded,,,,,,,,,,,,,,,,,,,,,,,,,,,,,,,,,,,,,,,,,,,,,,,,,,,,,,,,,,,,,,,,,,,,,,,,,,,,,,,,,,,,,,,,,,,,,,,,,,,,,,,,,,,,,0,,,0,,,0,,,0,,,0,,,0,,,0,,,0,,,0,,,0,,,0,,,0,,,0,,,0,,,0,,,0,,
Central Asia,Crude oil discharged,,,,,,,,,,,,,,,,,,,,,,,,,,,,,,,,,,,,,,,,,,,,,,,,,,,,,,,,,,,,,,,,,,,,,,,,,,,,,,,,,,,,,,,,,,,,,,,,,,,,,,,,,,,,,0,,,0,,,0,,,0,,,0,,,0,,,0,,,0,,,0,,,0,,,0,,,0,,,0,,,0,,,0,,,0,,
Central Asia,Other tanker trade discharged,,,,,,,,,,,,,,,,,,,,,,,,,,,,,,,,,,,,,,,,,,,,,,,,,,,,,,,,,,,,,,,,,,,,,,,,,,,,,,,,,,,,,,,,,,,,,,,,,,,,,,,,,,,,,0,,,0,,,0,,,0,,,0,,,0,,,0,,,0,,,0,,,0,,,0,,,0,,,0,,,0,,,0,,,0,,
Central Asia,Dry cargo discharged,,,,,,,,,,,,,,,,,,,,,,,,,,,,,,,,,,,,,,,,,,,,,,,,,,,,,,,,,,,,,,,,,,,,,,,,,,,,,,,,,,,,,,,,,,,,,,,,,,,,,,,,,,,,,0,,,0,,,0,,,0,,,0,,,0,,,0,,,0,,,0,,,0,,,0,,,0,,,0,,,0,,,0,,,0,,
Central Asia,Total goods discharged,,,,,,,,,,,,,,,,,,,,,,,,,,,,,,,,,,,,,,,,,,,,,,,,,,,,,,,,,,,,,,,,,,,,,,,,,,,,,,,,,,,,,,,,,,,,,,,,,,,,,,,,,,,,,0,,,0,,,0,,,0,,,0,,,0,,,0,,,0,,,0,,,0,,,0,,,0,,,0,,,0,,,0,,,0,,
Eastern Asia,Crude oil loaded,,,,,,,,,,,,,,,,,,,,,,,,,,,,,,,,,,,,,,,,,,,,,,,,,,,,,,,,,,,,,,,,,,,,,,,,,,,,,,,,,,,,,,,,,,,,,,,,,,,,,,,,,,,,,8,,,6,,,3,,,5,,,3,,,2,,,7,,,4,,,7,,,9,,,14,,,20,,,16,,,15,,,17,,,18,,
Eastern Asia,Other tanker trade loaded,,,,,,,,,,,,,,,,,,,,,,,,,,,,,,,,,,,,,,,,,,,,,,,,,,,,,,,,,,,,,,,,,,,,,,,,,,,,,,,,,,,,,,,,,,,,,,,,,,,,,,,,,,,,,66,,,71,,,75,,,87,,,92,,,78,,,95,,,103,,,101,,,111,,,157,,,188,,,191,,,196,,,178,,,187,,
Eastern Asia,Dry cargo loaded,,,,,,,,,,,,,,,,,,,,,,,,,,,,,,,,,,,,,,,,,,,,,,,,,,,,,,,,,,,,,,,,,,,,,,,,,,,,,,,,,,,,,,,,,,,,,,,,,,,,,,,,,,,,,868,,,906,,,887,,,744,,,789,,,826,,,859,,,978,,,1087,,,1103,,,1107,,,1111,,,1178,,,1161,,,1149,,,1202,,
Eastern Asia,Total goods loaded,,,,,,,,,,,,,,,,,,,,,,,,,,,,,,,,,,,,,,,,,,,,,,,,,,,,,,,,,,,,,,,,,,,,,,,,,,,,,,,,,,,,,,,,,,,,,,,,,,,,,,,,,,,,,943,,,983,,,965,,,835,,,884,,,906,,,961,,,1085,,,1195,,,1223,,,1278,,,1319,,,1386,,,1372,,,1345,,,1407,,
Eastern Asia,Crude oil discharged,,,,,,,,,,,,,,,,,,,,,,,,,,,,,,,,,,,,,,,,,,,,,,,,,,,,,,,,,,,,,,,,,,,,,,,,,,,,,,,,,,,,,,,,,,,,,,,,,,,,,,,,,,,,,496,,,533,,,558,,,526,,,547,,,570,,,602,,,607,,,624,,,639,,,662,,,730,,,750,,,783,,,796,,,790,,
Eastern Asia,Other tanker trade discharged,,,,,,,,,,,,,,,,,,,,,,,,,,,,,,,,,,,,,,,,,,,,,,,,,,,,,,,,,,,,,,,,,,,,,,,,,,,,,,,,,,,,,,,,,,,,,,,,,,,,,,,,,,,,,163,,,164,,,181,,,190,,,212,,,233,,,251,,,271,,,249,,,270,,,289,,,329,,,348,,,346,,,367,,,366,,
Eastern Asia,Dry cargo discharged,,,,,,,,,,,,,,,,,,,,,,,,,,,,,,,,,,,,,,,,,,,,,,,,,,,,,,,,,,,,,,,,,,,,,,,,,,,,,,,,,,,,,,,,,,,,,,,,,,,,,,,,,,,,,1759,,,1897,,,1980,,,2069,,,2292,,,2417,,,2670,,,2922,,,3028,,,2990,,,3037,,,3207,,,3276,,,3421,,,3502,,,3520,,
Eastern Asia,Total goods discharged,,,,,,,,,,,,,,,,,,,,,,,,,,,,,,,,,,,,,,,,,,,,,,,,,,,,,,,,,,,,,,,,,,,,,,,,,,,,,,,,,,,,,,,,,,,,,,,,,,,,,,,,,,,,,2418,,,2594,,,2719,,,2785,,,3051,,,3219,,,3523,,,3800,,,3901,,,3899,,,3988,,,4265,,,4375,,,4550,,,4665,,,4677,,
South-eastern Asia,Crude oil loaded,,,,,,,,,,,,,,,,,,,,,,,,,,,,,,,,,,,,,,,,,,,,,,,,,,,,,,,,,,,,,,,,,,,,,,,,,,,,,,,,,,,,,,,,,,,,,,,,,,,,,,,,,,,,,60,,,56,,,58,,,48,,,68,,,58,,,51,,,48,,,47,,,50,,,50,,,49,,,44,,,36,,,38,,,33,,
South-eastern Asia,Other tanker trade loaded,,,,,,,,,,,,,,,,,,,,,,,,,,,,,,,,,,,,,,,,,,,,,,,,,,,,,,,,,,,,,,,,,,,,,,,,,,,,,,,,,,,,,,,,,,,,,,,,,,,,,,,,,,,,,96,,,98,,,76,,,95,,,80,,,130,,,95,,,126,,,132,,,133,,,129,,,129,,,131,,,157,,,160,,,137,,
South-eastern Asia,Dry cargo loaded,,,,,,,,,,,,,,,,,,,,,,,,,,,,,,,,,,,,,,,,,,,,,,,,,,,,,,,,,,,,,,,,,,,,,,,,,,,,,,,,,,,,,,,,,,,,,,,,,,,,,,,,,,,,,722,,,779,,,838,,,841,,,812,,,859,,,999,,,1038,,,1003,,,950,,,944,,,1041,,,1060,,,1098,,,1090,,,1147,,
South-eastern Asia,Total goods loaded,,,,,,,,,,,,,,,,,,,,,,,,,,,,,,,,,,,,,,,,,,,,,,,,,,,,,,,,,,,,,,,,,,,,,,,,,,,,,,,,,,,,,,,,,,,,,,,,,,,,,,,,,,,,,878,,,934,,,971,,,983,,,960,,,1046,,,1144,,,1212,,,1182,,,1133,,,1124,,,1220,,,1235,,,1291,,,1288,,,1316,,
South-eastern Asia,Crude oil discharged,,,,,,,,,,,,,,,,,,,,,,,,,,,,,,,,,,,,,,,,,,,,,,,,,,,,,,,,,,,,,,,,,,,,,,,,,,,,,,,,,,,,,,,,,,,,,,,,,,,,,,,,,,,,,114,,,131,,,115,,,115,,,123,,,129,,,112,,,124,,,118,,,125,,,143,,,136,,,147,,,136,,,134,,,133,,
South-eastern Asia,Other tanker trade discharged,,,,,,,,,,,,,,,,,,,,,,,,,,,,,,,,,,,,,,,,,,,,,,,,,,,,,,,,,,,,,,,,,,,,,,,,,,,,,,,,,,,,,,,,,,,,,,,,,,,,,,,,,,,,,94,,,103,,,108,,,91,,,107,,,120,,,102,,,104,,,127,,,166,,,161,,,151,,,163,,,170,,,162,,,169,,
South-eastern Asia,Dry cargo discharged,,,,,,,,,,,,,,,,,,,,,,,,,,,,,,,,,,,,,,,,,,,,,,,,,,,,,,,,,,,,,,,,,,,,,,,,,,,,,,,,,,,,,,,,,,,,,,,,,,,,,,,,,,,,,327,,,333,,,349,,,332,,,335,,,359,,,373,,,415,,,461,,,496,,,606,,,620,,,638,,,640,,,642,,,686,,
South-eastern Asia,Total goods discharged,,,,,,,,,,,,,,,,,,,,,,,,,,,,,,,,,,,,,,,,,,,,,,,,,,,,,,,,,,,,,,,,,,,,,,,,,,,,,,,,,,,,,,,,,,,,,,,,,,,,,,,,,,,,,536,,,567,,,571,,,538,,,565,,,608,,,587,,,642,,,707,,,787,,,910,,,908,,,947,,,947,,,938,,,988,,
Southern Asia,Crude oil loaded,,,,,,,,,,,,,,,,,,,,,,,,,,,,,,,,,,,,,,,,,,,,,,,,,,,,,,,,,,,,,,,,,,,,,,,,,,,,,,,,,,,,,,,,,,,,,,,,,,,,,,,,,,,,,124,,,123,,,127,,,103,,,121,,,111,,,63,,,55,,,48,,,50,,,93,,,106,,,89,,,56,,,39,,,45,,
Southern Asia,Other tanker trade loaded,,,,,,,,,,,,,,,,,,,,,,,,,,,,,,,,,,,,,,,,,,,,,,,,,,,,,,,,,,,,,,,,,,,,,,,,,,,,,,,,,,,,,,,,,,,,,,,,,,,,,,,,,,,,,45,,,47,,,48,,,47,,,46,,,50,,,64,,,82,,,79,,,87,,,84,,,79,,,87,,,92,,,84,,,97,,
Southern Asia,Dry cargo loaded,,,,,,,,,,,,,,,,,,,,,,,,,,,,,,,,,,,,,,,,,,,,,,,,,,,,,,,,,,,,,,,,,,,,,,,,,,,,,,,,,,,,,,,,,,,,,,,,,,,,,,,,,,,,,190,,,197,,,200,,,204,,,263,,,258,,,246,,,232,,,244,,,231,,,206,,,180,,,185,,,217,,,219,,,244,,
Southern Asia,Total goods loaded,,,,,,,,,,,,,,,,,,,,,,,,,,,,,,,,,,,,,,,,,,,,,,,,,,,,,,,,,,,,,,,,,,,,,,,,,,,,,,,,,,,,,,,,,,,,,,,,,,,,,,,,,,,,,359,,,367,,,376,,,355,,,430,,,419,,,373,,,369,,,371,,,368,,,384,,,366,,,361,,,365,,,343,,,386,,
Southern Asia,Crude oil discharged,,,,,,,,,,,,,,,,,,,,,,,,,,,,,,,,,,,,,,,,,,,,,,,,,,,,,,,,,,,,,,,,,,,,,,,,,,,,,,,,,,,,,,,,,,,,,,,,,,,,,,,,,,,,,119,,,125,,,106,,,153,,,154,,,154,,,170,,,195,,,199,,,202,,,243,,,231,,,245,,,234,,,231,,,221,,
Southern Asia,Other tanker trade discharged,,,,,,,,,,,,,,,,,,,,,,,,,,,,,,,,,,,,,,,,,,,,,,,,,,,,,,,,,,,,,,,,,,,,,,,,,,,,,,,,,,,,,,,,,,,,,,,,,,,,,,,,,,,,,26,,,28,,,33,,,35,,,34,,,30,,,36,,,31,,,31,,,36,,,84,,,67,,,67,,,80,,,74,,,74,,
Southern Asia,Dry cargo discharged,,,,,,,,,,,,,,,,,,,,,,,,,,,,,,,,,,,,,,,,,,,,,,,,,,,,,,,,,,,,,,,,,,,,,,,,,,,,,,,,,,,,,,,,,,,,,,,,,,,,,,,,,,,,,239,,,264,,,370,,,385,,,391,,,409,,,379,,,367,,,387,,,401,,,361,,,441,,,466,,,474,,,461,,,467,,
Southern Asia,Total goods discharged,,,,,,,,,,,,,,,,,,,,,,,,,,,,,,,,,,,,,,,,,,,,,,,,,,,,,,,,,,,,,,,,,,,,,,,,,,,,,,,,,,,,,,,,,,,,,,,,,,,,,,,,,,,,,383,,,417,,,508,,,573,,,579,,,593,,,585,,,592,,,617,,,640,,,688,,,739,,,778,,,789,,,766,,,762,,
Western Asia,Crude oil loaded,,,,,,,,,,,,,,,,,,,,,,,,,,,,,,,,,,,,,,,,,,,,,,,,,,,,,,,,,,,,,,,,,,,,,,,,,,,,,,,,,,,,,,,,,,,,,,,,,,,,,,,,,,,,,733,,,758,,,716,,,719,,,744,,,737,,,785,,,802,,,798,,,839,,,841,,,821,,,823,,,772,,,759,,,774,,
Western Asia,Other tanker trade loaded,,,,,,,,,,,,,,,,,,,,,,,,,,,,,,,,,,,,,,,,,,,,,,,,,,,,,,,,,,,,,,,,,,,,,,,,,,,,,,,,,,,,,,,,,,,,,,,,,,,,,,,,,,,,,161,,,158,,,164,,,139,,,157,,,148,,,159,,,138,,,169,,,201,,,237,,,212,,,213,,,220,,,199,,,230,,
Western Asia,Dry cargo loaded,,,,,,,,,,,,,,,,,,,,,,,,,,,,,,,,,,,,,,,,,,,,,,,,,,,,,,,,,,,,,,,,,,,,,,,,,,,,,,,,,,,,,,,,,,,,,,,,,,,,,,,,,,,,,181,,,212,,,213,,,201,,,210,,,253,,,267,,,277,,,329,,,333,,,395,,,479,,,497,,,501,,,449,,,462,,
Western Asia,Total goods loaded,,,,,,,,,,,,,,,,,,,,,,,,,,,,,,,,,,,,,,,,,,,,,,,,,,,,,,,,,,,,,,,,,,,,,,,,,,,,,,,,,,,,,,,,,,,,,,,,,,,,,,,,,,,,,1075,,,1128,,,1093,,,1059,,,1111,,,1139,,,1211,,,1217,,,1295,,,1373,,,1473,,,1513,,,1533,,,1492,,,1408,,,1466,,
Western Asia,Crude oil discharged,,,,,,,,,,,,,,,,,,,,,,,,,,,,,,,,,,,,,,,,,,,,,,,,,,,,,,,,,,,,,,,,,,,,,,,,,,,,,,,,,,,,,,,,,,,,,,,,,,,,,,,,,,,,,37,,,44,,,42,,,33,,,34,,,33,,,33,,,31,,,30,,,33,,,49,,,54,,,51,,,48,,,36,,,36,,
Western Asia,Other tanker trade discharged,,,,,,,,,,,,,,,,,,,,,,,,,,,,,,,,,,,,,,,,,,,,,,,,,,,,,,,,,,,,,,,,,,,,,,,,,,,,,,,,,,,,,,,,,,,,,,,,,,,,,,,,,,,,,55,,,56,,,59,,,58,,,58,,,60,,,68,,,69,,,74,,,85,,,77,,,95,,,95,,,78,,,71,,,71,,
Western Asia,Dry cargo discharged,,,,,,,,,,,,,,,,,,,,,,,,,,,,,,,,,,,,,,,,,,,,,,,,,,,,,,,,,,,,,,,,,,,,,,,,,,,,,,,,,,,,,,,,,,,,,,,,,,,,,,,,,,,,,353,,,375,,,375,,,330,,,343,,,378,,,398,,,417,,,428,,,460,,,472,,,476,,,494,,,503,,,483,,,521,,
Western Asia,Total goods discharged,,,,,,,,,,,,,,,,,,,,,,,,,,,,,,,,,,,,,,,,,,,,,,,,,,,,,,,,,,,,,,,,,,,,,,,,,,,,,,,,,,,,,,,,,,,,,,,,,,,,,,,,,,,,,444,,,475,,,477,,,420,,,436,,,471,,,500,,,518,,,533,,,579,,,599,,,624,,,640,,,629,,,591,,,628,,
Europe,Crude oil loaded,,,,,,,,,,,,,,,,,,,,,,,,,,,,,,,,,,,,,,,,,,,,,,,,,,,,,,,,,,,,,,,,,,,,,,,,,,,,,,,,,,,,,,,,,,,,,,,,,,,,,,,,,,,,,220,,,217,,,224,,,218,,,232,,,210,,,214,,,211,,,219,,,229,,,253,,,276,,,274,,,247,,,221,,,222,,
Europe,Other tanker trade loaded,,,,,,,,,,,,,,,,,,,,,,,,,,,,,,,,,,,,,,,,,,,,,,,,,,,,,,,,,,,,,,,,,,,,,,,,,,,,,,,,,,,,,,,,,,,,,,,,,,,,,,,,,,,,,275,,,291,,,295,,,278,,,306,,,312,,,327,,,318,,,308,,,311,,,301,,,314,,,304,,,274,,,252,,,251,,
Europe,Dry cargo loaded,,,,,,,,,,,,,,,,,,,,,,,,,,,,,,,,,,,,,,,,,,,,,,,,,,,,,,,,,,,,,,,,,,,,,,,,,,,,,,,,,,,,,,,,,,,,,,,,,,,,,,,,,,,,,1002,,,1005,,,994,,,957,,,1026,,,1051,,,1121,,,1142,,,1146,,,1167,,,1136,,,1158,,,1175,,,1079,,,1059,,,1094,,
Europe,Total goods loaded,,,,,,,,,,,,,,,,,,,,,,,,,,,,,,,,,,,,,,,,,,,,,,,,,,,,,,,,,,,,,,,,,,,,,,,,,,,,,,,,,,,,,,,,,,,,,,,,,,,,,,,,,,,,,1497,,,1513,,,1513,,,1453,,,1563,,,1573,,,1663,,,1670,,,1673,,,1708,,,1690,,,1748,,,1752,,,1600,,,1533,,,1568,,
Europe,Crude oil discharged,,,,,,,,,,,,,,,,,,,,,,,,,,,,,,,,,,,,,,,,,,,,,,,,,,,,,,,,,,,,,,,,,,,,,,,,,,,,,,,,,,,,,,,,,,,,,,,,,,,,,,,,,,,,,541,,,499,,,494,,,471,,,482,,,462,,,472,,,436,,,435,,,488,,,475,,,501,,,483,,,468,,,383,,,399,,
Europe,Other tanker trade discharged,,,,,,,,,,,,,,,,,,,,,,,,,,,,,,,,,,,,,,,,,,,,,,,,,,,,,,,,,,,,,,,,,,,,,,,,,,,,,,,,,,,,,,,,,,,,,,,,,,,,,,,,,,,,,285,,,265,,,276,,,286,,,284,,,340,,,327,,,335,,,310,,,320,,,299,,,315,,,299,,,257,,,201,,,212,,
Europe,Dry cargo discharged,,,,,,,,,,,,,,,,,,,,,,,,,,,,,,,,,,,,,,,,,,,,,,,,,,,,,,,,,,,,,,,,,,,,,,,,,,,,,,,,,,,,,,,,,,,,,,,,,,,,,,,,,,,,,1305,,,1218,,,1289,,,1016,,,1106,,,1156,,,1176,,,1160,,,1209,,,1213,,,1300,,,1287,,,1320,,,1228,,,1052,,,1112,,
Europe,Total goods discharged,,,,,,,,,,,,,,,,,,,,,,,,,,,,,,,,,,,,,,,,,,,,,,,,,,,,,,,,,,,,,,,,,,,,,,,,,,,,,,,,,,,,,,,,,,,,,,,,,,,,,,,,,,,,,2131,,,1982,,,2059,,,1773,,,1872,,,1958,,,1975,,,1931,,,1954,,,2021,,,2073,,,2103,,,2102,,,1954,,,1635,,,1722,,
Oceania,Crude oil loaded,,,,,,,,,,,,,,,,,,,,,,,,,,,,,,,,,,,,,,,,,,,,,,,,,,,,,,,,,,,,,,,,,,,,,,,,,,,,,,,,,,,,,,,,,,,,,,,,,,,,,,,,,,,,,11,,,15,,,18,,,14,,,18,,,17,,,17,,,16,,,14,,,15,,,15,,,12,,,14,,,13,,,14,,,14,,
Oceania,Other tanker trade loaded,,,,,,,,,,,,,,,,,,,,,,,,,,,,,,,,,,,,,,,,,,,,,,,,,,,,,,,,,,,,,,,,,,,,,,,,,,,,,,,,,,,,,,,,,,,,,,,,,,,,,,,,,,,,,4,,,4,,,4,,,5,,,5,,,11,,,21,,,35,,,42,,,47,,,49,,,57,,,61,,,61,,,59,,,56,,
Oceania,Dry cargo loaded,,,,,,,,,,,,,,,,,,,,,,,,,,,,,,,,,,,,,,,,,,,,,,,,,,,,,,,,,,,,,,,,,,,,,,,,,,,,,,,,,,,,,,,,,,,,,,,,,,,,,,,,,,,,,637,,,661,,,723,,,728,,,899,,,923,,,970,,,988,,,1184,,,1202,,,1298,,,1441,,,1494,,,1495,,,1432,,,1447,,
Oceania,Total goods loaded,,,,,,,,,,,,,,,,,,,,,,,,,,,,,,,,,,,,,,,,,,,,,,,,,,,,,,,,,,,,,,,,,,,,,,,,,,,,,,,,,,,,,,,,,,,,,,,,,,,,,,,,,,,,,653,,,679,,,745,,,747,,,921,,,951,,,1008,,,1040,,,1239,,,1264,,,1363,,,1511,,,1569,,,1569,,,1504,,,1517,,
Oceania,Crude oil discharged,,,,,,,,,,,,,,,,,,,,,,,,,,,,,,,,,,,,,,,,,,,,,,,,,,,,,,,,,,,,,,,,,,,,,,,,,,,,,,,,,,,,,,,,,,,,,,,,,,,,,,,,,,,,,27,,,28,,,28,,,22,,,25,,,28,,,32,,,27,,,28,,,28,,,25,,,28,,,30,,,23,,,17,,,14,,
Oceania,Other tanker trade discharged,,,,,,,,,,,,,,,,,,,,,,,,,,,,,,,,,,,,,,,,,,,,,,,,,,,,,,,,,,,,,,,,,,,,,,,,,,,,,,,,,,,,,,,,,,,,,,,,,,,,,,,,,,,,,18,,,22,,,24,,,19,,,24,,,22,,,24,,,29,,,23,,,24,,,21,,,22,,,27,,,23,,,18,,,25,,
Oceania,Dry cargo discharged,,,,,,,,,,,,,,,,,,,,,,,,,,,,,,,,,,,,,,,,,,,,,,,,,,,,,,,,,,,,,,,,,,,,,,,,,,,,,,,,,,,,,,,,,,,,,,,,,,,,,,,,,,,,,58,,,60,,,65,,,69,,,69,,,77,,,82,,,92,,,105,,,108,,,113,,,96,,,103,,,100,,,94,,,105,,
Oceania,Total goods discharged,,,,,,,,,,,,,,,,,,,,,,,,,,,,,,,,,,,,,,,,,,,,,,,,,,,,,,,,,,,,,,,,,,,,,,,,,,,,,,,,,,,,,,,,,,,,,,,,,,,,,,,,,,,,,103,,,109,,,117,,,110,,,118,,,128,,,139,,,148,,,156,,,161,,,159,,,145,,,159,,,146,,,129,,,144,,
Asia and Oceania,Crude oil loaded,,,,,,,,,,,,,,,,,,,,,,,,,,,,,,,,,,,,,,,,,,,,,,,,,,,,,,,,,,,,,,,,,,,,,,,,,,,,,,,,,,,,,,,,,,,,,,,,,,,,,,,,,,,,,936,,,957,,,923,,,889,,,953,,,924,,,923,,,925,,,913,,,963,,,1014,,,1009,,,986,,,893,,,866,,,883,,
Asia and Oceania,Other tanker trade loaded,,,,,,,,,,,,,,,,,,,,,,,,,,,,,,,,,,,,,,,,,,,,,,,,,,,,,,,,,,,,,,,,,,,,,,,,,,,,,,,,,,,,,,,,,,,,,,,,,,,,,,,,,,,,,373,,,379,,,367,,,373,,,380,,,416,,,434,,,484,,,523,,,578,,,656,,,666,,,684,,,725,,,681,,,708,,
Asia and Oceania,Dry cargo loaded,,,,,,,,,,,,,,,,,,,,,,,,,,,,,,,,,,,,,,,,,,,,,,,,,,,,,,,,,,,,,,,,,,,,,,,,,,,,,,,,,,,,,,,,,,,,,,,,,,,,,,,,,,,,,2597,,,2755,,,2861,,,2718,,,2973,,,3120,,,3340,,,3514,,,3846,,,3820,,,3952,,,4253,,,4413,,,4472,,,4339,,,4501,,
Asia and Oceania,Total goods loaded,,,,,,,,,,,,,,,,,,,,,,,,,,,,,,,,,,,,,,,,,,,,,,,,,,,,,,,,,,,,,,,,,,,,,,,,,,,,,,,,,,,,,,,,,,,,,,,,,,,,,,,,,,,,,3907,,,4091,,,4151,,,3979,,,4306,,,4460,,,4697,,,4923,,,5282,,,5361,,,5622,,,5928,,,6083,,,6090,,,5887,,,6092,,
Asia and Oceania,Crude oil discharged,,,,,,,,,,,,,,,,,,,,,,,,,,,,,,,,,,,,,,,,,,,,,,,,,,,,,,,,,,,,,,,,,,,,,,,,,,,,,,,,,,,,,,,,,,,,,,,,,,,,,,,,,,,,,793,,,861,,,848,,,849,,,883,,,913,,,949,,,984,,,1000,,,1028,,,1122,,,1179,,,1223,,,1225,,,1213,,,1195,,
Asia and Oceania,Other tanker trade discharged,,,,,,,,,,,,,,,,,,,,,,,,,,,,,,,,,,,,,,,,,,,,,,,,,,,,,,,,,,,,,,,,,,,,,,,,,,,,,,,,,,,,,,,,,,,,,,,,,,,,,,,,,,,,,356,,,372,,,404,,,392,,,435,,,465,,,482,,,504,,,504,,,582,,,632,,,664,,,699,,,698,,,693,,,705,,
Asia and Oceania,Dry cargo discharged,,,,,,,,,,,,,,,,,,,,,,,,,,,,,,,,,,,,,,,,,,,,,,,,,,,,,,,,,,,,,,,,,,,,,,,,,,,,,,,,,,,,,,,,,,,,,,,,,,,,,,,,,,,,,2736,,,2929,,,3139,,,3185,,,3431,,,3640,,,3902,,,4212,,,4409,,,4455,,,4590,,,4840,,,4976,,,5138,,,5182,,,5300,,
Asia and Oceania,Total goods discharged,,,,,,,,,,,,,,,,,,,,,,,,,,,,,,,,,,,,,,,,,,,,,,,,,,,,,,,,,,,,,,,,,,,,,,,,,,,,,,,,,,,,,,,,,,,,,,,,,,,,,,,,,,,,,3885,,,4162,,,4392,,,4426,,,4749,,,5018,,,5333,,,5700,,,5913,,,6065,,,6344,,,6682,,,6898,,,7061,,,7088,,,7199,,
Developing economies,Crude oil loaded,,,,,,,,,,,,,,,,,,,,,,,,,,,,,,,,,,,,,,,,,,,,,,,,,,,,,,,,,,,,,,,,,,,,,,,,,,,,,,,,,,,,,,,,,,,,,,,,,,,,,,,,,,,,,1532,,,1558,,,1520,,,1455,,,1511,,,1501,,,1520,,,1475,,,1432,,,1460,,,1493,,,1500,,,1458,,,1393,,,1277,,,1272,,
Developing economies,Other tanker trade loaded,,,,,,,,,,,,,,,,,,,,,,,,,,,,,,,,,,,,,,,,,,,,,,,,,,,,,,,,,,,,,,,,,,,,,,,,,,,,,,,,,,,,,,,,,,,,,,,,,,,,,,,,,,,,,504,,,498,,,492,,,478,,,478,,,509,,,505,,,534,,,572,,,613,,,688,,,671,,,709,,,762,,,714,,,749,,
Developing economies,Dry cargo loaded,,,,,,,,,,,,,,,,,,,,,,,,,,,,,,,,,,,,,,,,,,,,,,,,,,,,,,,,,,,,,,,,,,,,,,,,,,,,,,,,,,,,,,,,,,,,,,,,,,,,,,,,,,,,,2553,,,2701,,,2796,,,2607,,,2804,,,3028,,,3216,,,3340,,,3500,,,3497,,,3566,,,3703,,,3812,,,3908,,,3834,,,4029,,
Developing economies,Total goods loaded,,,,,,,,,,,,,,,,,,,,,,,,,,,,,,,,,,,,,,,,,,,,,,,,,,,,,,,,,,,,,,,,,,,,,,,,,,,,,,,,,,,,,,,,,,,,,,,,,,,,,,,,,,,,,4589,,,4757,,,4809,,,4540,,,4793,,,5038,,,5240,,,5349,,,5504,,,5570,,,5747,,,5874,,,5978,,,6062,,,5824,,,6049,,
Developing economies,Crude oil discharged,,,,,,,,,,,,,,,,,,,,,,,,,,,,,,,,,,,,,,,,,,,,,,,,,,,,,,,,,,,,,,,,,,,,,,,,,,,,,,,,,,,,,,,,,,,,,,,,,,,,,,,,,,,,,550,,,613,,,580,,,633,,,677,,,693,,,705,,,749,,,768,,,803,,,882,,,905,,,961,,,972,,,986,,,968,,
Developing economies,Other tanker trade discharged,,,,,,,,,,,,,,,,,,,,,,,,,,,,,,,,,,,,,,,,,,,,,,,,,,,,,,,,,,,,,,,,,,,,,,,,,,,,,,,,,,,,,,,,,,,,,,,,,,,,,,,,,,,,,337,,,355,,,381,,,359,,,392,,,414,,,431,,,461,,,508,,,584,,,718,,,769,,,814,,,837,,,828,,,843,,
Developing economies,Dry cargo discharged,,,,,,,,,,,,,,,,,,,,,,,,,,,,,,,,,,,,,,,,,,,,,,,,,,,,,,,,,,,,,,,,,,,,,,,,,,,,,,,,,,,,,,,,,,,,,,,,,,,,,,,,,,,,,2214,,,2447,,,2623,,,2816,,,3018,,,3271,,,3505,,,3802,,,3961,,,4047,,,4150,,,4363,,,4501,,,4619,,,4710,,,4887,,
Developing economies,Total goods discharged,,,,,,,,,,,,,,,,,,,,,,,,,,,,,,,,,,,,,,,,,,,,,,,,,,,,,,,,,,,,,,,,,,,,,,,,,,,,,,,,,,,,,,,,,,,,,,,,,,,,,,,,,,,,,3101,,,3414,,,3584,,,3808,,,4088,,,4378,,,4641,,,5012,,,5237,,,5435,,,5750,,,6037,,,6277,,,6428,,,6524,,,6698,,
Developing economies: Africa,Crude oil loaded,,,,,,,,,,,,,,,,,,,,,,,,,,,,,,,,,,,,,,,,,,,,,,,,,,,,,,,,,,,,,,,,,,,,,,,,,,,,,,,,,,,,,,,,,,,,,,,,,,,,,,,,,,,,,354,,,363,,,379,,,354,,,344,,,338,,,364,,,328,,,304,,,294,,,271,,,291,,,297,,,303,,,235,,,226,,
Developing economies: Africa,Other tanker trade loaded,,,,,,,,,,,,,,,,,,,,,,,,,,,,,,,,,,,,,,,,,,,,,,,,,,,,,,,,,,,,,,,,,,,,,,,,,,,,,,,,,,,,,,,,,,,,,,,,,,,,,,,,,,,,,86,,,82,,,83,,,83,,,82,,,69,,,70,,,82,,,74,,,58,,,59,,,70,,,70,,,92,,,84,,,100,,
Developing economies: Africa,Dry cargo loaded,,,,,,,,,,,,,,,,,,,,,,,,,,,,,,,,,,,,,,,,,,,,,,,,,,,,,,,,,,,,,,,,,,,,,,,,,,,,,,,,,,,,,,,,,,,,,,,,,,,,,,,,,,,,,282,,,288,,,301,,,273,,,301,,,322,,,326,,,365,,,359,,,363,,,364,,,377,,,395,,,420,,,417,,,436,,
Developing economies: Africa,Total goods loaded,,,,,,,,,,,,,,,,,,,,,,,,,,,,,,,,,,,,,,,,,,,,,,,,,,,,,,,,,,,,,,,,,,,,,,,,,,,,,,,,,,,,,,,,,,,,,,,,,,,,,,,,,,,,,722,,,732,,,763,,,710,,,726,,,728,,,760,,,775,,,738,,,714,,,694,,,738,,,763,,,814,,,736,,,762,,
Developing economies: Africa,Crude oil discharged,,,,,,,,,,,,,,,,,,,,,,,,,,,,,,,,,,,,,,,,,,,,,,,,,,,,,,,,,,,,,,,,,,,,,,,,,,,,,,,,,,,,,,,,,,,,,,,,,,,,,,,,,,,,,41,,,46,,,45,,,45,,,42,,,38,,,33,,,37,,,37,,,39,,,39,,,41,,,39,,,35,,,31,,,25,,
Developing economies: Africa,Other tanker trade discharged,,,,,,,,,,,,,,,,,,,,,,,,,,,,,,,,,,,,,,,,,,,,,,,,,,,,,,,,,,,,,,,,,,,,,,,,,,,,,,,,,,,,,,,,,,,,,,,,,,,,,,,,,,,,,39,,,45,,,44,,,40,,,39,,,46,,,51,,,59,,,71,,,71,,,81,,,94,,,100,,,113,,,107,,,118,,
Developing economies: Africa,Dry cargo discharged,,,,,,,,,,,,,,,,,,,,,,,,,,,,,,,,,,,,,,,,,,,,,,,,,,,,,,,,,,,,,,,,,,,,,,,,,,,,,,,,,,,,,,,,,,,,,,,,,,,,,,,,,,,,,269,,,290,,,288,,,302,,,319,,,276,,,299,,,311,,,337,,,360,,,360,,,342,,,363,,,385,,,372,,,410,,
Developing economies: Africa,Total goods discharged,,,,,,,,,,,,,,,,,,,,,,,,,,,,,,,,,,,,,,,,,,,,,,,,,,,,,,,,,,,,,,,,,,,,,,,,,,,,,,,,,,,,,,,,,,,,,,,,,,,,,,,,,,,,,349,,,380,,,377,,,386,,,401,,,360,,,383,,,407,,,445,,,470,,,480,,,476,,,502,,,534,,,510,,,553,,
Developing economies: Americas,Crude oil loaded,,,,,,,,,,,,,,,,,,,,,,,,,,,,,,,,,,,,,,,,,,,,,,,,,,,,,,,,,,,,,,,,,,,,,,,,,,,,,,,,,,,,,,,,,,,,,,,,,,,,,,,,,,,,,251,,,252,,,235,,,226,,,231,,,254,,,253,,,240,,,233,,,223,,,232,,,225,,,201,,,222,,,202,,,190,,
Developing economies: Americas,Other tanker trade loaded,,,,,,,,,,,,,,,,,,,,,,,,,,,,,,,,,,,,,,,,,,,,,,,,,,,,,,,,,,,,,,,,,,,,,,,,,,,,,,,,,,,,,,,,,,,,,,,,,,,,,,,,,,,,,94,,,91,,,93,,,74,,,73,,,78,,,86,,,70,,,76,,,84,,,81,,,72,,,89,,,81,,,75,,,71,,
Developing economies: Americas,Dry cargo loaded,,,,,,,,,,,,,,,,,,,,,,,,,,,,,,,,,,,,,,,,,,,,,,,,,,,,,,,,,,,,,,,,,,,,,,,,,,,,,,,,,,,,,,,,,,,,,,,,,,,,,,,,,,,,,686,,,724,,,781,,,730,,,825,,,902,,,943,,,954,,,992,,,1044,,,1041,,,1067,,,1096,,,1103,,,1095,,,1122,,
Developing economies: Americas,Total goods loaded,,,,,,,,,,,,,,,,,,,,,,,,,,,,,,,,,,,,,,,,,,,,,,,,,,,,,,,,,,,,,,,,,,,,,,,,,,,,,,,,,,,,,,,,,,,,,,,,,,,,,,,,,,,,,1031,,,1067,,,1108,,,1030,,,1130,,,1234,,,1283,,,1264,,,1301,,,1352,,,1355,,,1364,,,1385,,,1407,,,1373,,,1383,,
Developing economies: Americas,Crude oil discharged,,,,,,,,,,,,,,,,,,,,,,,,,,,,,,,,,,,,,,,,,,,,,,,,,,,,,,,,,,,,,,,,,,,,,,,,,,,,,,,,,,,,,,,,,,,,,,,,,,,,,,,,,,,,,64,,,76,,,74,,,64,,,69,,,71,,,75,,,69,,,65,,,66,,,52,,,48,,,47,,,45,,,39,,,36,,
Developing economies: Americas,Other tanker trade discharged,,,,,,,,,,,,,,,,,,,,,,,,,,,,,,,,,,,,,,,,,,,,,,,,,,,,,,,,,,,,,,,,,,,,,,,,,,,,,,,,,,,,,,,,,,,,,,,,,,,,,,,,,,,,,62,,,64,,,70,,,74,,,77,,,74,,,84,,,89,,,100,,,102,,,128,,,141,,,149,,,144,,,129,,,129,,
Developing economies: Americas,Dry cargo discharged,,,,,,,,,,,,,,,,,,,,,,,,,,,,,,,,,,,,,,,,,,,,,,,,,,,,,,,,,,,,,,,,,,,,,,,,,,,,,,,,,,,,,,,,,,,,,,,,,,,,,,,,,,,,,264,,,276,,,289,,,234,,,263,,,326,,,374,,,397,,,407,,,422,,,386,,,419,,,442,,,433,,,421,,,472,,
Developing economies: Americas,Total goods discharged,,,,,,,,,,,,,,,,,,,,,,,,,,,,,,,,,,,,,,,,,,,,,,,,,,,,,,,,,,,,,,,,,,,,,,,,,,,,,,,,,,,,,,,,,,,,,,,,,,,,,,,,,,,,,389,,,416,,,433,,,372,,,409,,,471,,,532,,,555,,,572,,,590,,,566,,,608,,,638,,,621,,,590,,,638,,
Developing economies: Asia and Oceania,Crude oil loaded,,,,,,,,,,,,,,,,,,,,,,,,,,,,,,,,,,,,,,,,,,,,,,,,,,,,,,,,,,,,,,,,,,,,,,,,,,,,,,,,,,,,,,,,,,,,,,,,,,,,,,,,,,,,,926,,,944,,,906,,,876,,,936,,,909,,,902,,,908,,,895,,,943,,,989,,,983,,,960,,,868,,,840,,,855,,
Developing economies: Asia and Oceania,Other tanker trade loaded,,,,,,,,,,,,,,,,,,,,,,,,,,,,,,,,,,,,,,,,,,,,,,,,,,,,,,,,,,,,,,,,,,,,,,,,,,,,,,,,,,,,,,,,,,,,,,,,,,,,,,,,,,,,,324,,,325,,,316,,,321,,,323,,,362,,,349,,,382,,,422,,,471,,,548,,,529,,,550,,,589,,,554,,,579,,
Developing economies: Asia and Oceania,Dry cargo loaded,,,,,,,,,,,,,,,,,,,,,,,,,,,,,,,,,,,,,,,,,,,,,,,,,,,,,,,,,,,,,,,,,,,,,,,,,,,,,,,,,,,,,,,,,,,,,,,,,,,,,,,,,,,,,1586,,,1689,,,1715,,,1604,,,1678,,,1804,,,1947,,,2021,,,2149,,,2090,,,2161,,,2260,,,2320,,,2385,,,2321,,,2471,,
Developing economies: Asia and Oceania,Total goods loaded,,,,,,,,,,,,,,,,,,,,,,,,,,,,,,,,,,,,,,,,,,,,,,,,,,,,,,,,,,,,,,,,,,,,,,,,,,,,,,,,,,,,,,,,,,,,,,,,,,,,,,,,,,,,,2836,,,2958,,,2937,,,2800,,,2937,,,3076,,,3197,,,3310,,,3465,,,3504,,,3698,,,3772,,,3830,,,3841,,,3715,,,3904,,
Developing economies: Asia and Oceania,Crude oil discharged,,,,,,,,,,,,,,,,,,,,,,,,,,,,,,,,,,,,,,,,,,,,,,,,,,,,,,,,,,,,,,,,,,,,,,,,,,,,,,,,,,,,,,,,,,,,,,,,,,,,,,,,,,,,,445,,,491,,,461,,,524,,,566,,,584,,,597,,,643,,,665,,,698,,,791,,,817,,,875,,,892,,,916,,,906,,
Developing economies: Asia and Oceania,Other tanker trade discharged,,,,,,,,,,,,,,,,,,,,,,,,,,,,,,,,,,,,,,,,,,,,,,,,,,,,,,,,,,,,,,,,,,,,,,,,,,,,,,,,,,,,,,,,,,,,,,,,,,,,,,,,,,,,,237,,,246,,,268,,,246,,,276,,,294,,,297,,,312,,,337,,,411,,,509,,,534,,,565,,,580,,,591,,,596,,
Developing economies: Asia and Oceania,Dry cargo discharged,,,,,,,,,,,,,,,,,,,,,,,,,,,,,,,,,,,,,,,,,,,,,,,,,,,,,,,,,,,,,,,,,,,,,,,,,,,,,,,,,,,,,,,,,,,,,,,,,,,,,,,,,,,,,1681,,,1881,,,2046,,,2280,,,2436,,,2670,,,2832,,,3094,,,3217,,,3266,,,3405,,,3602,,,3697,,,3801,,,3917,,,4004,,
Developing economies: Asia and Oceania,Total goods discharged,,,,,,,,,,,,,,,,,,,,,,,,,,,,,,,,,,,,,,,,,,,,,,,,,,,,,,,,,,,,,,,,,,,,,,,,,,,,,,,,,,,,,,,,,,,,,,,,,,,,,,,,,,,,,2363,,,2618,,,2774,,,3050,,,3278,,,3548,,,3725,,,4050,,,4220,,,4375,,,4704,,,4953,,,5137,,,5273,,,5424,,,5507,,
Developing economies: Asia,Crude oil loaded,,,,,,,,,,,,,,,,,,,,,,,,,,,,,,,,,,,,,,,,,,,,,,,,,,,,,,,,,,,,,,,,,,,,,,,,,,,,,,,,,,,,,,,,,,,,,,,,,,,,,,,,,,,,,925,,,942,,,905,,,874,,,935,,,908,,,901,,,906,,,893,,,942,,,988,,,982,,,958,,,866,,,838,,,854,,
Developing economies: Asia,Other tanker trade loaded,,,,,,,,,,,,,,,,,,,,,,,,,,,,,,,,,,,,,,,,,,,,,,,,,,,,,,,,,,,,,,,,,,,,,,,,,,,,,,,,,,,,,,,,,,,,,,,,,,,,,,,,,,,,,324,,,325,,,316,,,320,,,323,,,362,,,348,,,381,,,418,,,463,,,540,,,521,,,542,,,581,,,547,,,574,,
Developing economies: Asia,Dry cargo loaded,,,,,,,,,,,,,,,,,,,,,,,,,,,,,,,,,,,,,,,,,,,,,,,,,,,,,,,,,,,,,,,,,,,,,,,,,,,,,,,,,,,,,,,,,,,,,,,,,,,,,,,,,,,,,1581,,,1684,,,1710,,,1599,,,1673,,,1799,,,1941,,,2015,,,2144,,,2085,,,2156,,,2255,,,2315,,,2379,,,2316,,,2462,,
Developing economies: Asia,Total goods loaded,,,,,,,,,,,,,,,,,,,,,,,,,,,,,,,,,,,,,,,,,,,,,,,,,,,,,,,,,,,,,,,,,,,,,,,,,,,,,,,,,,,,,,,,,,,,,,,,,,,,,,,,,,,,,2830,,,2952,,,2931,,,2794,,,2931,,,3069,,,3190,,,3303,,,3455,,,3490,,,3684,,,3758,,,3815,,,3826,,,3701,,,3889,,
Developing economies: Asia,Crude oil discharged,,,,,,,,,,,,,,,,,,,,,,,,,,,,,,,,,,,,,,,,,,,,,,,,,,,,,,,,,,,,,,,,,,,,,,,,,,,,,,,,,,,,,,,,,,,,,,,,,,,,,,,,,,,,,444,,,491,,,461,,,524,,,566,,,584,,,597,,,642,,,665,,,698,,,791,,,817,,,874,,,891,,,915,,,906,,
Developing economies: Asia,Other tanker trade discharged,,,,,,,,,,,,,,,,,,,,,,,,,,,,,,,,,,,,,,,,,,,,,,,,,,,,,,,,,,,,,,,,,,,,,,,,,,,,,,,,,,,,,,,,,,,,,,,,,,,,,,,,,,,,,232,,,241,,,263,,,241,,,271,,,289,,,291,,,307,,,333,,,407,,,504,,,530,,,560,,,576,,,587,,,591,,
Developing economies: Asia,Dry cargo discharged,,,,,,,,,,,,,,,,,,,,,,,,,,,,,,,,,,,,,,,,,,,,,,,,,,,,,,,,,,,,,,,,,,,,,,,,,,,,,,,,,,,,,,,,,,,,,,,,,,,,,,,,,,,,,1673,,,1873,,,2038,,,2272,,,2428,,,2661,,,2823,,,3086,,,3209,,,3258,,,3396,,,3594,,,3688,,,3793,,,3908,,,3996,,
Developing economies: Asia,Total goods discharged,,,,,,,,,,,,,,,,,,,,,,,,,,,,,,,,,,,,,,,,,,,,,,,,,,,,,,,,,,,,,,,,,,,,,,,,,,,,,,,,,,,,,,,,,,,,,,,,,,,,,,,,,,,,,2350,,,2605,,,2761,,,3036,,,3265,,,3534,,,3711,,,4035,,,4207,,,4362,,,4691,,,4940,,,5123,,,5260,,,5411,,,5492,,
Developing economies: Oceania,Crude oil loaded,,,,,,,,,,,,,,,,,,,,,,,,,,,,,,,,,,,,,,,,,,,,,,,,,,,,,,,,,,,,,,,,,,,,,,,,,,,,,,,,,,,,,,,,,,,,,,,,,,,,,,,,,,,,,1,,,1,,,1,,,1,,,1,,,1,,,1,,,1,,,1,,,2,,,2,,,2,,,2,,,2,,,2,,,2,,
Developing economies: Oceania,Other tanker trade loaded,,,,,,,,,,,,,,,,,,,,,,,,,,,,,,,,,,,,,,,,,,,,,,,,,,,,,,,,,,,,,,,,,,,,,,,,,,,,,,,,,,,,,,,,,,,,,,,,,,,,,,,,,,,,,0,,,0,,,0,,,0,,,0,,,0,,,1,,,1,,,4,,,8,,,8,,,8,,,8,,,8,,,7,,,5,,
Developing economies: Oceania,Dry cargo loaded,,,,,,,,,,,,,,,,,,,,,,,,,,,,,,,,,,,,,,,,,,,,,,,,,,,,,,,,,,,,,,,,,,,,,,,,,,,,,,,,,,,,,,,,,,,,,,,,,,,,,,,,,,,,,4,,,4,,,5,,,5,,,5,,,5,,,5,,,5,,,5,,,5,,,5,,,5,,,5,,,6,,,6,,,9,,
Developing economies: Oceania,Total goods loaded,,,,,,,,,,,,,,,,,,,,,,,,,,,,,,,,,,,,,,,,,,,,,,,,,,,,,,,,,,,,,,,,,,,,,,,,,,,,,,,,,,,,,,,,,,,,,,,,,,,,,,,,,,,,,6,,,6,,,6,,,6,,,7,,,7,,,7,,,7,,,11,,,14,,,14,,,14,,,15,,,15,,,14,,,15,,
Developing economies: Oceania,Crude oil discharged,,,,,,,,,,,,,,,,,,,,,,,,,,,,,,,,,,,,,,,,,,,,,,,,,,,,,,,,,,,,,,,,,,,,,,,,,,,,,,,,,,,,,,,,,,,,,,,,,,,,,,,,,,,,,1,,,1,,,1,,,1,,,1,,,1,,,0,,,1,,,1,,,1,,,1,,,1,,,1,,,1,,,1,,,1,,
Developing economies: Oceania,Other tanker trade discharged,,,,,,,,,,,,,,,,,,,,,,,,,,,,,,,,,,,,,,,,,,,,,,,,,,,,,,,,,,,,,,,,,,,,,,,,,,,,,,,,,,,,,,,,,,,,,,,,,,,,,,,,,,,,,5,,,5,,,5,,,5,,,5,,,5,,,5,,,5,,,4,,,4,,,4,,,4,,,5,,,4,,,4,,,5,,
Developing economies: Oceania,Dry cargo discharged,,,,,,,,,,,,,,,,,,,,,,,,,,,,,,,,,,,,,,,,,,,,,,,,,,,,,,,,,,,,,,,,,,,,,,,,,,,,,,,,,,,,,,,,,,,,,,,,,,,,,,,,,,,,,8,,,8,,,8,,,8,,,8,,,8,,,8,,,8,,,8,,,8,,,8,,,8,,,8,,,9,,,9,,,9,,
Developing economies: Oceania,Total goods discharged,,,,,,,,,,,,,,,,,,,,,,,,,,,,,,,,,,,,,,,,,,,,,,,,,,,,,,,,,,,,,,,,,,,,,,,,,,,,,,,,,,,,,,,,,,,,,,,,,,,,,,,,,,,,,13,,,13,,,14,,,14,,,14,,,14,,,14,,,14,,,13,,,13,,,14,,,13,,,14,,,14,,,14,,,14,,
Developed economies,Crude oil loaded,,,,,,,,,,,,,,,,,,,,,,,,,,,,,,,,,,,,,,,,,,,,,,,,,,,,,,,,,,,,,,,,,,,,,,,,,,,,,,,,,,,,,,,,,,,,,,,,,,,,,,,,,,,,,252,,,255,,,265,,,255,,,274,,,250,,,266,,,262,,,280,,,300,,,339,,,375,,,423,,,467,,,439,,,429,,
Developed economies,Other tanker trade loaded,,,,,,,,,,,,,,,,,,,,,,,,,,,,,,,,,,,,,,,,,,,,,,,,,,,,,,,,,,,,,,,,,,,,,,,,,,,,,,,,,,,,,,,,,,,,,,,,,,,,,,,,,,,,,411,,,436,,,465,,,454,,,490,,,520,,,550,,,557,,,549,,,565,,,550,,,608,,,611,,,541,,,489,,,503,,
Developed economies,Dry cargo loaded,,,,,,,,,,,,,,,,,,,,,,,,,,,,,,,,,,,,,,,,,,,,,,,,,,,,,,,,,,,,,,,,,,,,,,,,,,,,,,,,,,,,,,,,,,,,,,,,,,,,,,,,,,,,,2451,,,2588,,,2689,,,2570,,,2844,,,2931,,,3141,,,3285,,,3483,,,3578,,,3610,,,3857,,,4007,,,4000,,,3893,,,4005,,
Developed economies,Total goods loaded,,,,,,,,,,,,,,,,,,,,,,,,,,,,,,,,,,,,,,,,,,,,,,,,,,,,,,,,,,,,,,,,,,,,,,,,,,,,,,,,,,,,,,,,,,,,,,,,,,,,,,,,,,,,,3113,,,3279,,,3419,,,3278,,,3608,,,3701,,,3957,,,4104,,,4312,,,4443,,,4500,,,4840,,,5041,,,5008,,,4821,,,4936,,
Developed economies,Crude oil discharged,,,,,,,,,,,,,,,,,,,,,,,,,,,,,,,,,,,,,,,,,,,,,,,,,,,,,,,,,,,,,,,,,,,,,,,,,,,,,,,,,,,,,,,,,,,,,,,,,,,,,,,,,,,,,1390,,,1383,,,1362,,,1242,,,1262,,,1204,,,1225,,,1133,,,1083,,,1107,,,1104,,,1128,,,1087,,,1050,,,878,,,879,,
Developed economies,Other tanker trade discharged,,,,,,,,,,,,,,,,,,,,,,,,,,,,,,,,,,,,,,,,,,,,,,,,,,,,,,,,,,,,,,,,,,,,,,,,,,,,,,,,,,,,,,,,,,,,,,,,,,,,,,,,,,,,,560,,,547,,,552,,,563,,,579,,,625,,,625,,,629,,,580,,,592,,,517,,,519,,,524,,,483,,,396,,,430,,
Developed economies,Dry cargo discharged,,,,,,,,,,,,,,,,,,,,,,,,,,,,,,,,,,,,,,,,,,,,,,,,,,,,,,,,,,,,,,,,,,,,,,,,,,,,,,,,,,,,,,,,,,,,,,,,,,,,,,,,,,,,,2852,,,2719,,,2796,,,2229,,,2436,,,2495,,,2625,,,2709,,,2821,,,2832,,,2932,,,3002,,,3128,,,3093,,,2836,,,2969,,
Developed economies,Total goods discharged,,,,,,,,,,,,,,,,,,,,,,,,,,,,,,,,,,,,,,,,,,,,,,,,,,,,,,,,,,,,,,,,,,,,,,,,,,,,,,,,,,,,,,,,,,,,,,,,,,,,,,,,,,,,,4802,,,4649,,,4711,,,4033,,,4276,,,4324,,,4475,,,4471,,,4483,,,4530,,,4553,,,4650,,,4740,,,4627,,,4110,,,4278,,
Developed economies: Americas,Crude oil loaded,,,,,,,,,,,,,,,,,,,,,,,,,,,,,,,,,,,,,,,,,,,,,,,,,,,,,,,,,,,,,,,,,,,,,,,,,,,,,,,,,,,,,,,,,,,,,,,,,,,,,,,,,,,,,22,,,25,,,24,,,24,,,25,,,24,,,31,,,34,,,43,,,51,,,61,,,73,,,123,,,196,,,190,,,179,,
Developed economies: Americas,Other tanker trade loaded,,,,,,,,,,,,,,,,,,,,,,,,,,,,,,,,,,,,,,,,,,,,,,,,,,,,,,,,,,,,,,,,,,,,,,,,,,,,,,,,,,,,,,,,,,,,,,,,,,,,,,,,,,,,,86,,,91,,,119,,,124,,,127,,,154,,,137,,,136,,,140,,,147,,,142,,,157,,,174,,,131,,,111,,,122,,
Developed economies: Americas,Dry cargo loaded,,,,,,,,,,,,,,,,,,,,,,,,,,,,,,,,,,,,,,,,,,,,,,,,,,,,,,,,,,,,,,,,,,,,,,,,,,,,,,,,,,,,,,,,,,,,,,,,,,,,,,,,,,,,,437,,,517,,,549,,,498,,,523,,,564,,,627,,,650,,,640,,,680,,,683,,,706,,,739,,,834,,,816,,,879,,
Developed economies: Americas,Total goods loaded,,,,,,,,,,,,,,,,,,,,,,,,,,,,,,,,,,,,,,,,,,,,,,,,,,,,,,,,,,,,,,,,,,,,,,,,,,,,,,,,,,,,,,,,,,,,,,,,,,,,,,,,,,,,,545,,,633,,,693,,,646,,,676,,,743,,,795,,,820,,,823,,,878,,,887,,,936,,,1036,,,1160,,,1116,,,1180,,
Developed economies: Americas,Crude oil discharged,,,,,,,,,,,,,,,,,,,,,,,,,,,,,,,,,,,,,,,,,,,,,,,,,,,,,,,,,,,,,,,,,,,,,,,,,,,,,,,,,,,,,,,,,,,,,,,,,,,,,,,,,,,,,501,,,514,,,481,,,445,,,463,,,413,,,402,,,356,,,313,,,289,,,297,,,266,,,256,,,249,,,198,,,192,,
Developed economies: Americas,Other tanker trade discharged,,,,,,,,,,,,,,,,,,,,,,,,,,,,,,,,,,,,,,,,,,,,,,,,,,,,,,,,,,,,,,,,,,,,,,,,,,,,,,,,,,,,,,,,,,,,,,,,,,,,,,,,,,,,,156,,,156,,,139,,,132,,,135,,,114,,,112,,,102,,,103,,,101,,,95,,,74,,,91,,,108,,,93,,,110,,
Developed economies: Americas,Dry cargo discharged,,,,,,,,,,,,,,,,,,,,,,,,,,,,,,,,,,,,,,,,,,,,,,,,,,,,,,,,,,,,,,,,,,,,,,,,,,,,,,,,,,,,,,,,,,,,,,,,,,,,,,,,,,,,,492,,,453,,,414,,,306,,,335,,,369,,,378,,,431,,,420,,,429,,,448,,,478,,,529,,,528,,,519,,,562,,
Developed economies: Americas,Total goods discharged,,,,,,,,,,,,,,,,,,,,,,,,,,,,,,,,,,,,,,,,,,,,,,,,,,,,,,,,,,,,,,,,,,,,,,,,,,,,,,,,,,,,,,,,,,,,,,,,,,,,,,,,,,,,,1149,,,1123,,,1034,,,884,,,934,,,895,,,892,,,890,,,836,,,819,,,840,,,818,,,876,,,885,,,811,,,864,,
Developed economies: Asia and Oceania,Crude oil loaded,,,,,,,,,,,,,,,,,,,,,,,,,,,,,,,,,,,,,,,,,,,,,,,,,,,,,,,,,,,,,,,,,,,,,,,,,,,,,,,,,,,,,,,,,,,,,,,,,,,,,,,,,,,,,10,,,13,,,17,,,13,,,17,,,15,,,21,,,17,,,18,,,20,,,25,,,26,,,26,,,25,,,27,,,28,,
Developed economies: Asia and Oceania,Other tanker trade loaded,,,,,,,,,,,,,,,,,,,,,,,,,,,,,,,,,,,,,,,,,,,,,,,,,,,,,,,,,,,,,,,,,,,,,,,,,,,,,,,,,,,,,,,,,,,,,,,,,,,,,,,,,,,,,49,,,53,,,51,,,52,,,57,,,54,,,85,,,103,,,101,,,107,,,108,,,137,,,134,,,136,,,127,,,129,,
Developed economies: Asia and Oceania,Dry cargo loaded,,,,,,,,,,,,,,,,,,,,,,,,,,,,,,,,,,,,,,,,,,,,,,,,,,,,,,,,,,,,,,,,,,,,,,,,,,,,,,,,,,,,,,,,,,,,,,,,,,,,,,,,,,,,,1012,,,1066,,,1146,,,1114,,,1295,,,1316,,,1394,,,1493,,,1697,,,1730,,,1791,,,1994,,,2093,,,2087,,,2018,,,2031,,
Developed economies: Asia and Oceania,Total goods loaded,,,,,,,,,,,,,,,,,,,,,,,,,,,,,,,,,,,,,,,,,,,,,,,,,,,,,,,,,,,,,,,,,,,,,,,,,,,,,,,,,,,,,,,,,,,,,,,,,,,,,,,,,,,,,1071,,,1133,,,1214,,,1179,,,1369,,,1385,,,1500,,,1613,,,1816,,,1858,,,1923,,,2156,,,2253,,,2249,,,2171,,,2188,,
Developed economies: Asia and Oceania,Crude oil discharged,,,,,,,,,,,,,,,,,,,,,,,,,,,,,,,,,,,,,,,,,,,,,,,,,,,,,,,,,,,,,,,,,,,,,,,,,,,,,,,,,,,,,,,,,,,,,,,,,,,,,,,,,,,,,348,,,370,,,387,,,325,,,317,,,329,,,352,,,341,,,334,,,329,,,331,,,362,,,348,,,333,,,297,,,288,,
Developed economies: Asia and Oceania,Other tanker trade discharged,,,,,,,,,,,,,,,,,,,,,,,,,,,,,,,,,,,,,,,,,,,,,,,,,,,,,,,,,,,,,,,,,,,,,,,,,,,,,,,,,,,,,,,,,,,,,,,,,,,,,,,,,,,,,119,,,126,,,137,,,146,,,159,,,171,,,185,,,192,,,167,,,171,,,123,,,130,,,134,,,118,,,102,,,109,,
Developed economies: Asia and Oceania,Dry cargo discharged,,,,,,,,,,,,,,,,,,,,,,,,,,,,,,,,,,,,,,,,,,,,,,,,,,,,,,,,,,,,,,,,,,,,,,,,,,,,,,,,,,,,,,,,,,,,,,,,,,,,,,,,,,,,,1055,,,1048,,,1094,,,906,,,995,,,970,,,1070,,,1118,,,1192,,,1189,,,1185,,,1238,,,1279,,,1336,,,1265,,,1295,,
Developed economies: Asia and Oceania,Total goods discharged,,,,,,,,,,,,,,,,,,,,,,,,,,,,,,,,,,,,,,,,,,,,,,,,,,,,,,,,,,,,,,,,,,,,,,,,,,,,,,,,,,,,,,,,,,,,,,,,,,,,,,,,,,,,,1522,,,1544,,,1617,,,1376,,,1471,,,1470,,,1608,,,1651,,,1693,,,1690,,,1640,,,1729,,,1762,,,1788,,,1664,,,1692,,
Developed economies: Asia,Crude oil loaded,,,,,,,,,,,,,,,,,,,,,,,,,,,,,,,,,,,,,,,,,,,,,,,,,,,,,,,,,,,,,,,,,,,,,,,,,,,,,,,,,,,,,,,,,,,,,,,,,,,,,,,,,,,,,0,,,0,,,0,,,0,,,0,,,0,,,5,,,3,,,6,,,6,,,11,,,15,,,13,,,14,,,15,,,15,,
Developed economies: Asia,Other tanker trade loaded,,,,,,,,,,,,,,,,,,,,,,,,,,,,,,,,,,,,,,,,,,,,,,,,,,,,,,,,,,,,,,,,,,,,,,,,,,,,,,,,,,,,,,,,,,,,,,,,,,,,,,,,,,,,,45,,,50,,,47,,,47,,,53,,,44,,,65,,,68,,,64,,,68,,,67,,,88,,,81,,,84,,,75,,,78,,
Developed economies: Asia,Dry cargo loaded,,,,,,,,,,,,,,,,,,,,,,,,,,,,,,,,,,,,,,,,,,,,,,,,,,,,,,,,,,,,,,,,,,,,,,,,,,,,,,,,,,,,,,,,,,,,,,,,,,,,,,,,,,,,,379,,,410,,,428,,,390,,,402,,,397,,,429,,,510,,,518,,,533,,,497,,,557,,,604,,,597,,,592,,,593,,
Developed economies: Asia,Total goods loaded,,,,,,,,,,,,,,,,,,,,,,,,,,,,,,,,,,,,,,,,,,,,,,,,,,,,,,,,,,,,,,,,,,,,,,,,,,,,,,,,,,,,,,,,,,,,,,,,,,,,,,,,,,,,,424,,,460,,,475,,,438,,,454,,,441,,,499,,,581,,,588,,,608,,,575,,,660,,,698,,,695,,,682,,,686,,
Developed economies: Asia,Crude oil discharged,,,,,,,,,,,,,,,,,,,,,,,,,,,,,,,,,,,,,,,,,,,,,,,,,,,,,,,,,,,,,,,,,,,,,,,,,,,,,,,,,,,,,,,,,,,,,,,,,,,,,,,,,,,,,322,,,343,,,360,,,303,,,292,,,301,,,320,,,314,,,307,,,302,,,306,,,335,,,319,,,311,,,281,,,275,,
Developed economies: Asia,Other tanker trade discharged,,,,,,,,,,,,,,,,,,,,,,,,,,,,,,,,,,,,,,,,,,,,,,,,,,,,,,,,,,,,,,,,,,,,,,,,,,,,,,,,,,,,,,,,,,,,,,,,,,,,,,,,,,,,,106,,,108,,,118,,,132,,,140,,,154,,,167,,,168,,,148,,,151,,,107,,,112,,,113,,,99,,,88,,,89,,
Developed economies: Asia,Dry cargo discharged,,,,,,,,,,,,,,,,,,,,,,,,,,,,,,,,,,,,,,,,,,,,,,,,,,,,,,,,,,,,,,,,,,,,,,,,,,,,,,,,,,,,,,,,,,,,,,,,,,,,,,,,,,,,,1004,,,996,,,1037,,,845,,,934,,,901,,,997,,,1035,,,1095,,,1089,,,1081,,,1149,,,1185,,,1245,,,1180,,,1199,,
Developed economies: Asia,Total goods discharged,,,,,,,,,,,,,,,,,,,,,,,,,,,,,,,,,,,,,,,,,,,,,,,,,,,,,,,,,,,,,,,,,,,,,,,,,,,,,,,,,,,,,,,,,,,,,,,,,,,,,,,,,,,,,1432,,,1448,,,1514,,,1280,,,1366,,,1356,,,1483,,,1518,,,1550,,,1542,,,1494,,,1596,,,1617,,,1655,,,1549,,,1562,,
Developed economies: Oceania,Crude oil loaded,,,,,,,,,,,,,,,,,,,,,,,,,,,,,,,,,,,,,,,,,,,,,,,,,,,,,,,,,,,,,,,,,,,,,,,,,,,,,,,,,,,,,,,,,,,,,,,,,,,,,,,,,,,,,10,,,13,,,17,,,13,,,17,,,15,,,16,,,14,,,12,,,14,,,14,,,10,,,13,,,11,,,12,,,13,,
Developed economies: Oceania,Other tanker trade loaded,,,,,,,,,,,,,,,,,,,,,,,,,,,,,,,,,,,,,,,,,,,,,,,,,,,,,,,,,,,,,,,,,,,,,,,,,,,,,,,,,,,,,,,,,,,,,,,,,,,,,,,,,,,,,4,,,4,,,4,,,5,,,4,,,10,,,21,,,35,,,38,,,39,,,41,,,49,,,53,,,53,,,52,,,52,,
Developed economies: Oceania,Dry cargo loaded,,,,,,,,,,,,,,,,,,,,,,,,,,,,,,,,,,,,,,,,,,,,,,,,,,,,,,,,,,,,,,,,,,,,,,,,,,,,,,,,,,,,,,,,,,,,,,,,,,,,,,,,,,,,,633,,,656,,,719,,,723,,,894,,,918,,,965,,,983,,,1179,,,1197,,,1294,,,1437,,,1489,,,1490,,,1426,,,1438,,
Developed economies: Oceania,Total goods loaded,,,,,,,,,,,,,,,,,,,,,,,,,,,,,,,,,,,,,,,,,,,,,,,,,,,,,,,,,,,,,,,,,,,,,,,,,,,,,,,,,,,,,,,,,,,,,,,,,,,,,,,,,,,,,647,,,674,,,739,,,741,,,915,,,944,,,1001,,,1032,,,1229,,,1250,,,1348,,,1496,,,1554,,,1554,,,1490,,,1502,,
Developed economies: Oceania,Crude oil discharged,,,,,,,,,,,,,,,,,,,,,,,,,,,,,,,,,,,,,,,,,,,,,,,,,,,,,,,,,,,,,,,,,,,,,,,,,,,,,,,,,,,,,,,,,,,,,,,,,,,,,,,,,,,,,26,,,27,,,27,,,21,,,25,,,28,,,32,,,27,,,27,,,28,,,25,,,27,,,29,,,23,,,16,,,13,,
Developed economies: Oceania,Other tanker trade discharged,,,,,,,,,,,,,,,,,,,,,,,,,,,,,,,,,,,,,,,,,,,,,,,,,,,,,,,,,,,,,,,,,,,,,,,,,,,,,,,,,,,,,,,,,,,,,,,,,,,,,,,,,,,,,13,,,17,,,19,,,14,,,19,,,17,,,19,,,24,,,19,,,20,,,16,,,18,,,22,,,19,,,14,,,20,,
Developed economies: Oceania,Dry cargo discharged,,,,,,,,,,,,,,,,,,,,,,,,,,,,,,,,,,,,,,,,,,,,,,,,,,,,,,,,,,,,,,,,,,,,,,,,,,,,,,,,,,,,,,,,,,,,,,,,,,,,,,,,,,,,,50,,,52,,,57,,,61,,,61,,,69,,,74,,,83,,,97,,,100,,,105,,,88,,,94,,,91,,,85,,,97,,
Developed economies: Oceania,Total goods discharged,,,,,,,,,,,,,,,,,,,,,,,,,,,,,,,,,,,,,,,,,,,,,,,,,,,,,,,,,,,,,,,,,,,,,,,,,,,,,,,,,,,,,,,,,,,,,,,,,,,,,,,,,,,,,90,,,96,,,103,,,96,,,104,,,114,,,124,,,133,,,143,,,148,,,146,,,133,,,145,,,132,,,115,,,130,,
Developed economies: Europe,Crude oil loaded,,,,,,,,,,,,,,,,,,,,,,,,,,,,,,,,,,,,,,,,,,,,,,,,,,,,,,,,,,,,,,,,,,,,,,,,,,,,,,,,,,,,,,,,,,,,,,,,,,,,,,,,,,,,,220,,,217,,,224,,,218,,,232,,,210,,,214,,,211,,,219,,,229,,,253,,,276,,,274,,,247,,,221,,,222,,
Developed economies: Europe,Other tanker trade loaded,,,,,,,,,,,,,,,,,,,,,,,,,,,,,,,,,,,,,,,,,,,,,,,,,,,,,,,,,,,,,,,,,,,,,,,,,,,,,,,,,,,,,,,,,,,,,,,,,,,,,,,,,,,,,275,,,291,,,295,,,278,,,306,,,312,,,327,,,318,,,308,,,311,,,301,,,314,,,304,,,274,,,252,,,251,,
Developed economies: Europe,Dry cargo loaded,,,,,,,,,,,,,,,,,,,,,,,,,,,,,,,,,,,,,,,,,,,,,,,,,,,,,,,,,,,,,,,,,,,,,,,,,,,,,,,,,,,,,,,,,,,,,,,,,,,,,,,,,,,,,1002,,,1005,,,994,,,957,,,1026,,,1051,,,1121,,,1142,,,1146,,,1167,,,1136,,,1158,,,1175,,,1079,,,1059,,,1094,,
Developed economies: Europe,Total goods loaded,,,,,,,,,,,,,,,,,,,,,,,,,,,,,,,,,,,,,,,,,,,,,,,,,,,,,,,,,,,,,,,,,,,,,,,,,,,,,,,,,,,,,,,,,,,,,,,,,,,,,,,,,,,,,1497,,,1513,,,1513,,,1453,,,1563,,,1573,,,1663,,,1670,,,1673,,,1708,,,1690,,,1748,,,1752,,,1600,,,1533,,,1568,,
Developed economies: Europe,Crude oil discharged,,,,,,,,,,,,,,,,,,,,,,,,,,,,,,,,,,,,,,,,,,,,,,,,,,,,,,,,,,,,,,,,,,,,,,,,,,,,,,,,,,,,,,,,,,,,,,,,,,,,,,,,,,,,,541,,,499,,,494,,,471,,,482,,,462,,,472,,,436,,,435,,,488,,,475,,,501,,,483,,,468,,,383,,,399,,
Developed economies: Europe,Other tanker trade discharged,,,,,,,,,,,,,,,,,,,,,,,,,,,,,,,,,,,,,,,,,,,,,,,,,,,,,,,,,,,,,,,,,,,,,,,,,,,,,,,,,,,,,,,,,,,,,,,,,,,,,,,,,,,,,285,,,265,,,276,,,286,,,284,,,340,,,327,,,335,,,310,,,320,,,299,,,315,,,299,,,257,,,201,,,212,,
Developed economies: Europe,Dry cargo discharged,,,,,,,,,,,,,,,,,,,,,,,,,,,,,,,,,,,,,,,,,,,,,,,,,,,,,,,,,,,,,,,,,,,,,,,,,,,,,,,,,,,,,,,,,,,,,,,,,,,,,,,,,,,,,1305,,,1218,,,1289,,,1016,,,1106,,,1156,,,1176,,,1160,,,1209,,,1213,,,1300,,,1287,,,1320,,,1228,,,1052,,,1112,,
Developed economies: Europe,Total goods discharged,,,,,,,,,,,,,,,,,,,,,,,,,,,,,,,,,,,,,,,,,,,,,,,,,,,,,,,,,,,,,,,,,,,,,,,,,,,,,,,,,,,,,,,,,,,,,,,,,,,,,,,,,,,,,2131,,,1982,,,2059,,,1773,,,1872,,,1958,,,1975,,,1931,,,1954,,,2021,,,2073,,,2103,,,2102,,,1954,,,1635,,,1722,,